Deployment Name,Warehouse,,,,,,,,,,,,,,,,,,,,,,,,,,,,,,,,,,,,,,,,,,
Start Date,01-05-2025,,,,,,,,,,,,,,,,,,,,,,,,,,,,,,,,,,,,,,,,,,
End Date,31-05-2025,,,,,,,,,,,,,,,,,,,,,,,,,,,,,,,,,,,,,,,,,,
Report Generation Date&Time,23-12-2025, 05:31:54 pm,,,,,,,,,,,,,,,,,,,,,,,,,,,,,,,,,,,,,,,,,
,,,,,,,,,,,,,,,,,,,,,,,,,,,,,,,,,,,,,,,,,,,
Supplier ,Receiver ,Receiver Kitchen ,Date,Expected Delivery,Indent Number ,Status ,Item Code ,HSN Code ,Item Name ,Category Code ,Category Name ,Super Category Code ,Super Category Name ,Unit ,UnitPrice,Margin Percentage,IndentPrice,Requested Qty ,Tax ,SubTotal ,Amount ,Comment ,Supplied Date ,Supplied Qty ,Tax ,SubTotal ,Amount ,Comment ,Dispatch Number ,Received Date ,Received Qty ,Tax ,SubTotal ,Amount ,Comment ,Directly Issued ,Suspicious Qty ,Suspicious Amount ,Reuse Qty ,Reuse Amount ,Wastage Qty ,Wastage Amount ,Item Status 
,,,,,,,,,,,,,,,,,,,,,,,,,,,,,,,,,,,,,,,,,,,
Warehouse NCR,Gimme Mo! CP,-,03-05-2025,-,DD1,Received,RET0000024,,Cold Coffee Can - Irish,CT_64,RTD COLD COFFEE - BOTTLE/CAN,-,RETAIL,CAN,61,-,61,0,-,0,0,-,03-05-2025,0,-,0,0,-,8,05-05-2025,0,-,0,0,Test,No,0,0,0,2928,0,0,Received
Warehouse NCR,Gimme Mo! CP,-,03-05-2025,-,DD1,Received,RET0000023,,Cold Coffee Can - Vietnamese,CT_64,RTD COLD COFFEE - BOTTLE/CAN,-,RETAIL,CAN,47,-,47,0,-,0,0,-,03-05-2025,0,-,0,0,-,8,05-05-2025,0,-,0,0,Test,No,0,0,0,2256,0,0,Received
Warehouse NCR,Gimme Mo! CP,-,03-05-2025,-,DD1,Received,,,Degreaser,CT_71,CLEANING CHEMICALS - LIQUID,-,SANITATION HOUSEKEEPING & CLEANING SUPPLIES,PCS,873.2,-,873.2,0,-,0,0,-,03-05-2025,0,-,0,0,-,8,05-05-2025,0,-,0,0,Test,No,0,0,0,873.2,0,0,Received
Warehouse NCR,Gimme Mo! CP,-,03-05-2025,-,DD1,Received,PKG0000009,,Disposable - Cup Holder,CT_22,DISPOSABLE PACKAGING - ACCESSORIES - CUP HOLDER,-,DISPOSABLE TAKE AWAY PACKAGING,PCS,2.66,-,2.66,0,-,0,0,-,03-05-2025,0,-,0,0,-,8,05-05-2025,0,-,0,0,Test,No,0,0,0,266,0,0,Received
Warehouse NCR,Gimme Mo! CP,-,03-05-2025,-,DD1,Received,PKG0000022,,Disposable - Straw - 10Mm,CT_26,DISPOSABLE PACKAGING - BEVERAGES - STRAW,-,DISPOSABLE TAKE AWAY PACKAGING,PCS,0.71,-,0.71,0,-,0,0,-,03-05-2025,0,-,0,0,-,8,05-05-2025,0,-,0,0,Test,No,0,0,0,213,0,0,Received
Warehouse NCR,Gimme Mo! CP,-,03-05-2025,-,DD1,Received,PKG0000002,,Disposable - Wooden Fork,CT_19,DISPOSABLE CUTLERY - WOODEN FORK,-,DISPOSABLE TAKE AWAY PACKAGING,PCS,0.73,-,0.73,0,-,0,0,-,03-05-2025,0,-,0,0,-,8,05-05-2025,0,-,0,0,Test,No,0,0,0,146,0,0,Received
Warehouse NCR,Gimme Mo! CP,-,03-05-2025,-,DD1,Received,,,Ecolab Quik Care N70 E,CT_72,CLEANING CHEMICALS - POWDERS,-,SANITATION HOUSEKEEPING & CLEANING SUPPLIES,PCS,141.6,-,141.6,0,-,0,0,-,03-05-2025,0,-,0,0,-,8,05-05-2025,0,-,0,0,Test,No,0,0,0,141.6,0,0,Received
Warehouse NCR,Gimme Mo! CP,-,03-05-2025,-,DD1,Received,,,GM 1000 Ml Bowl,CT_29,DISPOSABLE PACKAGING - FOOD - FOOD BOX,-,DISPOSABLE TAKE AWAY PACKAGING,PCS,8.85,-,8.85,0,-,0,0,-,03-05-2025,0,-,0,0,-,8,05-05-2025,0,-,0,0,Test,No,0,0,0,1770,0,0,Received
Warehouse NCR,Gimme Mo! CP,-,03-05-2025,-,DD1,Received,,,GM 1000 Ml bowl Lid,CT_29,DISPOSABLE PACKAGING - FOOD - FOOD BOX,-,DISPOSABLE TAKE AWAY PACKAGING,PCS,2,-,2,0,-,0,0,-,03-05-2025,0,-,0,0,-,8,05-05-2025,0,-,0,0,Test,No,0,0,0,150,0,0,Received
Warehouse NCR,Gimme Mo! CP,-,03-05-2025,-,DD1,Received,,,GM Brown Paper Napkin with GM Logo,CT_31,DISPOSABLE PACKAGING - TISSUE PAPER,-,DISPOSABLE TAKE AWAY PACKAGING,PCS,0.46,-,0.46,0,-,0,0,-,03-05-2025,0,-,0,0,-,8,05-05-2025,0,-,0,0,Test,No,0,0,0,460,0,0,Received
Warehouse NCR,Gimme Mo! CP,-,03-05-2025,-,DD1,Received,,,GM Kala Khatta Syrup 750ML,CT_49,RM BEVERAGES - SYRUP/SAUCE,-,RAW MATERIAL,BTL(750ML,480.9,-,480.9,0,-,0,0,-,03-05-2025,0,-,0,0,-,8,05-05-2025,0,-,0,0,Test,No,0,0,0,961.8,0,0,Received
Warehouse NCR,Gimme Mo! CP,-,03-05-2025,-,DD1,Received,,,GM Momo Box Sleeve - 230GSM,CT_29,DISPOSABLE PACKAGING - FOOD - FOOD BOX,-,DISPOSABLE TAKE AWAY PACKAGING,PCS,9.08,-,9.08,0,-,0,0,-,03-05-2025,0,-,0,0,-,8,05-05-2025,0,-,0,0,Test,No,0,0,0,2724,0,0,Received
Warehouse NCR,Gimme Mo! CP,-,03-05-2025,-,DD1,Received,,,GM Momo Box Tray With Silver Foiling & Dip Tray 230GSM,CT_29,DISPOSABLE PACKAGING - FOOD - FOOD BOX,-,DISPOSABLE TAKE AWAY PACKAGING,PCS,12,-,12,0,-,0,0,-,03-05-2025,0,-,0,0,-,8,05-05-2025,0,-,0,0,Test,No,0,0,0,3600,0,0,Received
Warehouse NCR,Gimme Mo! CP,-,03-05-2025,-,DD1,Received,,,GM Peach Garden Syrup 750ML,CT_49,RM BEVERAGES - SYRUP/SAUCE,-,RAW MATERIAL,BTL(750ML,480.9,-,480.9,0,-,0,0,-,03-05-2025,0,-,0,0,-,8,05-05-2025,0,-,0,0,Test,No,0,0,0,961.8,0,0,Received
Warehouse NCR,Gimme Mo! CP,-,03-05-2025,-,DD1,Received,,,GM Plastic Glass 350ml With Pink Lid,CT_25,DISPOSABLE PACKAGING - BEVERAGES - CUPS,-,DISPOSABLE TAKE AWAY PACKAGING,PCS,8.61,-,8.61,0,-,0,0,-,03-05-2025,0,-,0,0,-,8,05-05-2025,0,-,0,0,Test,No,0,0,0,2583,0,0,Received
Warehouse NCR,Gimme Mo! CP,-,03-05-2025,-,DD1,Received,,,GM Printed Paper Carry Bag - Large 230GSM,CT_21,DISPOSABLE PACKAGING - ACCESSORIES - CARRY BAG,-,DISPOSABLE TAKE AWAY PACKAGING,PCS,16.24,-,16.24,0,-,0,0,-,03-05-2025,0,-,0,0,-,8,05-05-2025,0,-,0,0,Test,No,0,0,0,3248,0,0,Received
Warehouse NCR,Gimme Mo! CP,-,03-05-2025,-,DD1,Received,,,GM Printed Paper Carry Bag - Small W/O Dori & Eyelet,CT_21,DISPOSABLE PACKAGING - ACCESSORIES - CARRY BAG,-,DISPOSABLE TAKE AWAY PACKAGING,PCS,6.89,-,6.89,0,-,0,0,-,03-05-2025,0,-,0,0,-,8,05-05-2025,0,-,0,0,Test,No,0,0,0,344.5,0,0,Received
Warehouse NCR,Gimme Mo! CP,-,03-05-2025,-,DD1,Received,,,GM Sealing Sticker 100/40mm,-,DISPOSABLE PACKAGING - ACCESSORIES - STICKERS,3,DISPOSABLE TAKE AWAY PACKAGING,PCS,0.98,-,0.98,0,-,0,0,-,03-05-2025,0,-,0,0,-,8,05-05-2025,0,-,0,0,Test,No,0,0,0,294,0,0,Received
Warehouse NCR,Gimme Mo! CP,-,03-05-2025,-,DD1,Received,,,GM V/NV Sticker 10/10mm,-,DISPOSABLE PACKAGING - ACCESSORIES - STICKERS,3,DISPOSABLE TAKE AWAY PACKAGING,PCS,0.14,-,0.14,0,-,0,0,-,03-05-2025,0,-,0,0,-,8,05-05-2025,0,-,0,0,Test,No,0,0,0,70,0,0,Received
Warehouse NCR,Gimme Mo! CP,-,03-05-2025,-,DD1,Received,,,Kay 5 Sanitiser/ Cleaner,CT_72,CLEANING CHEMICALS - POWDERS,-,SANITATION HOUSEKEEPING & CLEANING SUPPLIES,PCS,20.35,-,20.35,0,-,0,0,-,03-05-2025,0,-,0,0,-,8,05-05-2025,0,-,0,0,Test,No,0,0,0,20.35,0,0,Received
Warehouse NCR,Gimme Mo! CP,-,03-05-2025,-,DD1,Received,,,Kay AMH Handwash Plus,CT_71,CLEANING CHEMICALS - LIQUID,-,SANITATION HOUSEKEEPING & CLEANING SUPPLIES,PCS,855.5,-,855.5,0,-,0,0,-,03-05-2025,0,-,0,0,-,8,05-05-2025,0,-,0,0,Test,No,0,0,0,855.5,0,0,Received
Warehouse NCR,Gimme Mo! CP,-,03-05-2025,-,DD1,Received,,,Kay Bio Shield Drain Treatment,CT_72,CLEANING CHEMICALS - POWDERS,-,SANITATION HOUSEKEEPING & CLEANING SUPPLIES,PCS,413,-,413,0,-,0,0,-,03-05-2025,0,-,0,0,-,8,05-05-2025,0,-,0,0,Test,No,0,0,0,413,0,0,Received
Warehouse NCR,Gimme Mo! CP,-,03-05-2025,-,DD1,Received,,,KAY Delimer,CT_71,CLEANING CHEMICALS - LIQUID,-,SANITATION HOUSEKEEPING & CLEANING SUPPLIES,PCS,56.6,-,56.6,0,-,0,0,-,03-05-2025,0,-,0,0,-,8,05-05-2025,0,-,0,0,Test,No,0,0,0,56.6,0,0,Received
Warehouse NCR,Gimme Mo! CP,-,03-05-2025,-,DD1,Received,,,Kay QSR Heavy Duty Multipurpose Sink Detergent,CT_71,CLEANING CHEMICALS - LIQUID,-,SANITATION HOUSEKEEPING & CLEANING SUPPLIES,PCS,15.47,-,15.47,0,-,0,0,-,03-05-2025,0,-,0,0,-,8,05-05-2025,0,-,0,0,Test,No,0,0,0,232.05,0,0,Received
Warehouse NCR,Gimme Mo! CP,-,03-05-2025,-,DD1,Received,PKG0000003,,Wooden Dessert Spoon 110 Mm,CT_20,DISPOSABLE CUTLERY - WOODEN SPOON,-,DISPOSABLE TAKE AWAY PACKAGING,PCS,0.5,-,0.5,0,-,0,0,-,03-05-2025,0,-,0,0,-,8,05-05-2025,0,-,0,0,Test,No,0,0,0,100,0,0,Received
Warehouse NCR,Gimme Mo! CP,-,03-05-2025,-,DD2,Received,PKG0000022,,Disposable - Straw - 10Mm,CT_26,DISPOSABLE PACKAGING - BEVERAGES - STRAW,-,DISPOSABLE TAKE AWAY PACKAGING,PCS,0.71,-,0.71,0,-,0,0,-,03-05-2025,0,-,0,0,-,9,05-05-2025,0,-,0,0,Test,No,0,0,0,0.71,0,0,Received
Warehouse NCR,Gimme Mo! CP,-,03-05-2025,-,DD3,Received,RET0000024,,Cold Coffee Can - Irish,CT_64,RTD COLD COFFEE - BOTTLE/CAN,-,RETAIL,CAN,61,-,61,0,-,0,0,-,03-05-2025,48,351.36,2928,3279.36,-,10,05-05-2025,48,351.36,2928,3279.36,-,No,0,0,0,0,0,0,Received
Warehouse NCR,Gimme Mo! CP,-,03-05-2025,-,DD3,Received,RET0000023,,Cold Coffee Can - Vietnamese,CT_64,RTD COLD COFFEE - BOTTLE/CAN,-,RETAIL,CAN,47,-,47,0,-,0,0,-,03-05-2025,48,270.72,2256,2526.72,-,10,05-05-2025,48,270.72,2256,2526.72,-,No,0,0,0,0,0,0,Received
Warehouse NCR,Gimme Mo! CP,-,03-05-2025,-,DD3,Received,,,Degreaser,CT_71,CLEANING CHEMICALS - LIQUID,-,SANITATION HOUSEKEEPING & CLEANING SUPPLIES,PCS,873.2,-,873.2,0,-,0,0,-,03-05-2025,1,157.18,873.2,1030.38,-,10,05-05-2025,1,157.18,873.2,1030.38,-,No,0,0,0,0,0,0,Received
Warehouse NCR,Gimme Mo! CP,-,03-05-2025,-,DD3,Received,PKG0000009,,Disposable - Cup Holder,CT_22,DISPOSABLE PACKAGING - ACCESSORIES - CUP HOLDER,-,DISPOSABLE TAKE AWAY PACKAGING,PCS,2.66,-,2.66,0,-,0,0,-,03-05-2025,100,47.88,266,313.88,-,10,05-05-2025,100,47.88,266,313.88,-,No,0,0,0,0,0,0,Received
Warehouse NCR,Gimme Mo! CP,-,03-05-2025,-,DD3,Received,PKG0000022,,Disposable - Straw - 10Mm,CT_26,DISPOSABLE PACKAGING - BEVERAGES - STRAW,-,DISPOSABLE TAKE AWAY PACKAGING,PCS,0.71,-,0.71,0,-,0,0,-,03-05-2025,300,38.34,213,251.34,-,10,05-05-2025,300,38.34,213,251.34,-,No,0,0,0,0,0,0,Received
Warehouse NCR,Gimme Mo! CP,-,03-05-2025,-,DD3,Received,PKG0000002,,Disposable - Wooden Fork,CT_19,DISPOSABLE CUTLERY - WOODEN FORK,-,DISPOSABLE TAKE AWAY PACKAGING,PCS,0.73,-,0.73,0,-,0,0,-,03-05-2025,200,17.52,146,163.52,-,10,05-05-2025,200,17.52,146,163.52,-,No,0,0,0,0,0,0,Received
Warehouse NCR,Gimme Mo! CP,-,03-05-2025,-,DD3,Received,,,Ecolab Quik Care N70 E,CT_72,CLEANING CHEMICALS - POWDERS,-,SANITATION HOUSEKEEPING & CLEANING SUPPLIES,PCS,141.6,-,141.6,0,-,0,0,-,03-05-2025,0,-,0,0,-,10,05-05-2025,0,-,0,0,Short,No,0,0,0,141.6,0,0,Received
Warehouse NCR,Gimme Mo! CP,-,03-05-2025,-,DD3,Received,,,GM 1000 Ml Bowl,CT_29,DISPOSABLE PACKAGING - FOOD - FOOD BOX,-,DISPOSABLE TAKE AWAY PACKAGING,PCS,8.85,-,8.85,0,-,0,0,-,03-05-2025,250,398.25,2212.5,2610.75,-,10,05-05-2025,250,398.25,2212.5,2610.75,-,No,0,0,0,0,0,0,Received
Warehouse NCR,Gimme Mo! CP,-,03-05-2025,-,DD3,Received,,,GM 1000 Ml bowl Lid,CT_29,DISPOSABLE PACKAGING - FOOD - FOOD BOX,-,DISPOSABLE TAKE AWAY PACKAGING,PCS,2,-,2,0,-,0,0,-,03-05-2025,75,-,150,150,-,10,05-05-2025,75,-,150,150,-,No,0,0,0,0,0,0,Received
Warehouse NCR,Gimme Mo! CP,-,03-05-2025,-,DD3,Received,,,GM Brown Paper Napkin with GM Logo,CT_31,DISPOSABLE PACKAGING - TISSUE PAPER,-,DISPOSABLE TAKE AWAY PACKAGING,PCS,0.46,-,0.46,0,-,0,0,-,03-05-2025,1000,82.8,460,542.8,-,10,05-05-2025,1000,82.8,460,542.8,-,No,0,0,0,0,0,0,Received
Warehouse NCR,Gimme Mo! CP,-,03-05-2025,-,DD3,Received,,,GM Kala Khatta Syrup 750ML,CT_49,RM BEVERAGES - SYRUP/SAUCE,-,RAW MATERIAL,BTL(750ML,480.9,-,480.9,0,-,0,0,-,03-05-2025,2,173.12,961.8,1134.92,-,10,05-05-2025,2,173.12,961.8,1134.92,-,No,0,0,0,0,0,0,Received
Warehouse NCR,Gimme Mo! CP,-,03-05-2025,-,DD3,Received,,,GM Momo Box Sleeve - 230GSM,CT_29,DISPOSABLE PACKAGING - FOOD - FOOD BOX,-,DISPOSABLE TAKE AWAY PACKAGING,PCS,9.08,-,9.08,0,-,0,0,-,03-05-2025,300,326.88,2724,3050.88,-,10,05-05-2025,300,326.88,2724,3050.88,-,No,0,0,0,0,0,0,Received
Warehouse NCR,Gimme Mo! CP,-,03-05-2025,-,DD3,Received,,,GM Momo Box Tray With Silver Foiling & Dip Tray 230GSM,CT_29,DISPOSABLE PACKAGING - FOOD - FOOD BOX,-,DISPOSABLE TAKE AWAY PACKAGING,PCS,12,-,12,0,-,0,0,-,03-05-2025,600,864,7200,8064,-,10,05-05-2025,600,864,7200,8064,-,No,0,0,0,0,0,0,Received
Warehouse NCR,Gimme Mo! CP,-,03-05-2025,-,DD3,Received,,,GM Peach Garden Syrup 750ML,CT_49,RM BEVERAGES - SYRUP/SAUCE,-,RAW MATERIAL,BTL(750ML,480.9,-,480.9,0,-,0,0,-,03-05-2025,2,173.12,961.8,1134.92,-,10,05-05-2025,2,173.12,961.8,1134.92,-,No,0,0,0,0,0,0,Received
Warehouse NCR,Gimme Mo! CP,-,03-05-2025,-,DD3,Received,,,GM Plastic Glass 350ml With Pink Lid,CT_25,DISPOSABLE PACKAGING - BEVERAGES - CUPS,-,DISPOSABLE TAKE AWAY PACKAGING,PCS,8.61,-,8.61,0,-,0,0,-,03-05-2025,100,154.98,861,1015.98,-,10,05-05-2025,100,154.98,861,1015.98,-,No,0,0,0,0,0,0,Received
Warehouse NCR,Gimme Mo! CP,-,03-05-2025,-,DD3,Received,,,GM Printed Paper Carry Bag - Large 230GSM,CT_21,DISPOSABLE PACKAGING - ACCESSORIES - CARRY BAG,-,DISPOSABLE TAKE AWAY PACKAGING,PCS,16.24,-,16.24,0,-,0,0,-,03-05-2025,300,584.64,4872,5456.64,-,10,05-05-2025,300,584.64,4872,5456.64,-,No,0,0,0,0,0,0,Received
Warehouse NCR,Gimme Mo! CP,-,03-05-2025,-,DD3,Received,,,GM Printed Paper Carry Bag - Small W/O Dori & Eyelet,CT_21,DISPOSABLE PACKAGING - ACCESSORIES - CARRY BAG,-,DISPOSABLE TAKE AWAY PACKAGING,PCS,6.89,-,6.89,0,-,0,0,-,03-05-2025,100,82.68,689,771.68,-,10,05-05-2025,100,82.68,689,771.68,-,No,0,0,0,0,0,0,Received
Warehouse NCR,Gimme Mo! CP,-,03-05-2025,-,DD3,Received,,,GM Sealing Sticker 100/40mm,-,DISPOSABLE PACKAGING - ACCESSORIES - STICKERS,3,DISPOSABLE TAKE AWAY PACKAGING,PCS,0.98,-,0.98,0,-,0,0,-,03-05-2025,300,52.92,294,346.92,-,10,05-05-2025,300,52.92,294,346.92,-,No,0,0,0,0,0,0,Received
Warehouse NCR,Gimme Mo! CP,-,03-05-2025,-,DD3,Received,,,GM V/NV Sticker 10/10mm,-,DISPOSABLE PACKAGING - ACCESSORIES - STICKERS,3,DISPOSABLE TAKE AWAY PACKAGING,PCS,0.14,-,0.14,0,-,0,0,-,03-05-2025,500,12.6,70,82.6,-,10,05-05-2025,500,12.6,70,82.6,-,No,0,0,0,0,0,0,Received
Warehouse NCR,Gimme Mo! CP,-,03-05-2025,-,DD3,Received,,,Kay 5 Sanitiser/ Cleaner,CT_72,CLEANING CHEMICALS - POWDERS,-,SANITATION HOUSEKEEPING & CLEANING SUPPLIES,PCS,20.35,-,20.35,0,-,0,0,-,03-05-2025,1,3.66,20.35,24.01,-,10,05-05-2025,1,3.66,20.35,24.01,-,No,0,0,0,0,0,0,Received
Warehouse NCR,Gimme Mo! CP,-,03-05-2025,-,DD3,Received,,,Kay AMH Handwash Plus,CT_71,CLEANING CHEMICALS - LIQUID,-,SANITATION HOUSEKEEPING & CLEANING SUPPLIES,PCS,855.5,-,855.5,0,-,0,0,-,03-05-2025,1,153.99,855.5,1009.49,-,10,05-05-2025,1,153.99,855.5,1009.49,-,No,0,0,0,0,0,0,Received
Warehouse NCR,Gimme Mo! CP,-,03-05-2025,-,DD3,Received,,,Kay Bio Shield Drain Treatment,CT_72,CLEANING CHEMICALS - POWDERS,-,SANITATION HOUSEKEEPING & CLEANING SUPPLIES,PCS,413,-,413,0,-,0,0,-,03-05-2025,1,74.34,413,487.34,-,10,05-05-2025,1,74.34,413,487.34,-,No,0,0,0,0,0,0,Received
Warehouse NCR,Gimme Mo! CP,-,03-05-2025,-,DD3,Received,,,KAY Delimer,CT_71,CLEANING CHEMICALS - LIQUID,-,SANITATION HOUSEKEEPING & CLEANING SUPPLIES,PCS,56.6,-,56.6,0,-,0,0,-,03-05-2025,1,10.19,56.6,66.79,-,10,05-05-2025,1,10.19,56.6,66.79,-,No,0,0,0,0,0,0,Received
Warehouse NCR,Gimme Mo! CP,-,03-05-2025,-,DD3,Received,,,Kay QSR Heavy Duty Multipurpose Sink Detergent,CT_71,CLEANING CHEMICALS - LIQUID,-,SANITATION HOUSEKEEPING & CLEANING SUPPLIES,PCS,14.47,-,14.47,0,-,0,0,-,03-05-2025,15,39.07,217.05,256.12,-,10,05-05-2025,15,39.07,217.05,256.12,-,No,0,0,0,0,0,0,Received
Warehouse NCR,Gimme Mo! CP,-,03-05-2025,-,DD3,Received,PKG0000003,,Wooden Dessert Spoon 110 Mm,CT_20,DISPOSABLE CUTLERY - WOODEN SPOON,-,DISPOSABLE TAKE AWAY PACKAGING,PCS,0.5,-,0.5,0,-,0,0,-,03-05-2025,200,18,100,118,-,10,05-05-2025,200,18,100,118,-,No,0,0,0,0,0,0,Received
Warehouse NCR,Gimme Mo! CP,-,05-05-2025,05-05-2025,IN1,Received,,84137099,Dispenser Pump Blue Curacao,CT_13,SMALLWARE,-,CAPEX,PCS,249,-,249,2,89.64,498,587.64,-,05-05-2025,2,89.64,498,587.64,-,11,05-05-2025,2,89.64,498,587.64,-,No,0,0,0,0,0,0,Received
Warehouse NCR,Gimme Mo! CP,-,05-05-2025,05-05-2025,IN1,Received,,,GM Blue Curacao Syrup 1000ML,CT_49,RM BEVERAGES - SYRUP/SAUCE,-,RAW MATERIAL,BTL(1LTR),411,-,411,2,147.96,822,969.96,-,05-05-2025,2,147.96,822,969.96,-,11,05-05-2025,2,147.96,822,969.96,-,No,0,0,0,0,0,0,Received
Warehouse NCR,Gimme Mo! CP,-,05-05-2025,05-05-2025,IN1,Received,,,GM Nimbu Masala Syrup 750ML,CT_49,RM BEVERAGES - SYRUP/SAUCE,-,RAW MATERIAL,BTL(750ML,380,-,380,2,136.8,760,896.8,-,05-05-2025,2,136.8,760,896.8,-,11,05-05-2025,2,136.8,760,896.8,-,No,0,0,0,0,0,0,Received
Warehouse NCR,Gimme Mo! CP,-,05-05-2025,05-05-2025,IN1,Received,,,GM Orange Crush 1000ML,CT_49,RM BEVERAGES - SYRUP/SAUCE,-,RAW MATERIAL,BTL(1LTR),245,-,245,2,58.8,490,548.8,-,05-05-2025,2,58.8,490,548.8,-,11,05-05-2025,2,58.8,490,548.8,-,No,0,0,0,0,0,0,Received
Warehouse NCR,Gimme Mo! CP,-,05-05-2025,05-05-2025,IN2,Received,,,GM Double Wall Customized Hot Cup With Lid - 200ml,CT_25,DISPOSABLE PACKAGING - BEVERAGES - CUPS,-,DISPOSABLE TAKE AWAY PACKAGING,PCS,-,-,0,500,-,0,0,-,05-05-2025,500,-,0,0,-,12,05-05-2025,500,-,0,0,-,No,0,0,0,0,0,0,Received
Warehouse NCR,Gimme Mo! CP,-,05-05-2025,05-05-2025,IN2,Received,,,GM Snack Box With Lid - 500ml,CT_29,DISPOSABLE PACKAGING - FOOD - FOOD BOX,-,DISPOSABLE TAKE AWAY PACKAGING,PCS,-,-,0,300,-,0,0,-,05-05-2025,300,-,0,0,-,12,05-05-2025,300,-,0,0,-,No,0,0,0,0,0,0,Received
Warehouse NCR,MSFT Hyd,-,13-05-2025,14-05-2025,IN1,Received,PKG0000010,,Bagasse Lid 80 Mm,CT_23,DISPOSABLE PACKAGING - BEVERAGES - LIDS,-,DISPOSABLE TAKE AWAY PACKAGING,NOS,2.57,-,2.57,400,123.36,1028,1151.36,-,14-05-2025,0,-,0,0,-,14,15-05-2025,0,-,0,0,na,No,0,0,0,1028,0,0,Suspicious Resolved By Supplier
Warehouse NCR,MSFT Hyd,-,13-05-2025,14-05-2025,IN1,Received,PKG0000016,,Disposable - Lid (Cold) 12Oz - Dome,CT_23,DISPOSABLE PACKAGING - BEVERAGES - LIDS,-,DISPOSABLE TAKE AWAY PACKAGING,PKT(100PC),372,-,372,10,669.6,3720,4389.6,-,14-05-2025,0,-,0,0,-,14,15-05-2025,0,-,0,0,na,No,0,0,0,3720,0,0,Suspicious Resolved By Supplier
Warehouse NCR,MSFT Hyd,-,13-05-2025,14-05-2025,IN1,Received,PKG0000017,,Disposable - Lid (Hot) 12Oz,CT_23,DISPOSABLE PACKAGING - BEVERAGES - LIDS,-,DISPOSABLE TAKE AWAY PACKAGING,PKT(100PC),466,-,466,10,838.8,4660,5498.8,-,14-05-2025,0,-,0,0,-,14,15-05-2025,0,-,0,0,na,No,0,0,0,4660,0,0,Suspicious Resolved By Supplier
Warehouse NCR,MSFT Hyd,-,13-05-2025,14-05-2025,IN1,Received,PKG0000012,,Disposable - Paper Cup 08Oz,CT_25,DISPOSABLE PACKAGING - BEVERAGES - CUPS,-,DISPOSABLE TAKE AWAY PACKAGING,PKT(25PC),138.75,-,138.75,15,374.63,2081.25,2455.88,-,14-05-2025,0,-,0,0,-,14,15-05-2025,0,-,0,0,na,No,0,0,0,2081.25,0,0,Suspicious Resolved By Supplier
Warehouse NCR,MSFT Hyd,-,13-05-2025,14-05-2025,IN1,Received,PKG0000013,,Disposable - Paper Cup 12Oz,CT_25,DISPOSABLE PACKAGING - BEVERAGES - CUPS,-,DISPOSABLE TAKE AWAY PACKAGING,PKT(25PC),146.5,-,146.5,10,263.7,1465,1728.7,-,14-05-2025,0,-,0,0,-,14,15-05-2025,0,-,0,0,na,No,0,0,0,1465,0,0,Suspicious Resolved By Supplier
Warehouse NCR,MSFT Hyd,-,13-05-2025,14-05-2025,IN1,Received,PKG0000014,,Disposable - Paper Cup 16Oz,CT_25,DISPOSABLE PACKAGING - BEVERAGES - CUPS,-,DISPOSABLE TAKE AWAY PACKAGING,PKT(25PC),175.5,-,175.5,15,473.85,2632.5,3106.35,-,14-05-2025,0,-,0,0,-,14,15-05-2025,0,-,0,0,na,No,0,0,0,2632.5,0,0,Suspicious Resolved By Supplier
Warehouse NCR,MSFT Hyd,-,13-05-2025,14-05-2025,IN1,Received,PKG0000020,,Disposable - Straw - 08Mm,CT_26,DISPOSABLE PACKAGING - BEVERAGES - STRAW,-,DISPOSABLE TAKE AWAY PACKAGING,PKT(100PC),-,-,0,20,-,0,0,-,14-05-2025,0,-,0,0,-,,15-05-2025,0,-,0,0,-,No,0,0,0,0,0,0,Received
Warehouse NCR,Gimme Mo! CP,-,14-05-2025,14-05-2025,IN4,Received,PKG0000002,,Disposable - Wooden Fork,CT_19,DISPOSABLE CUTLERY - WOODEN FORK,-,DISPOSABLE TAKE AWAY PACKAGING,PKT(100PC),73,-,73,3,26.28,219,245.28,-,14-05-2025,0,-,0,0,-,13,15-05-2025,0,-,0,0,na,No,0,0,0,219,0,0,Suspicious Resolved By Supplier
Warehouse NCR,Gimme Mo! CP,-,14-05-2025,14-05-2025,IN4,Received,,,Ecolab Quik Care N70 E,CT_72,CLEANING CHEMICALS - POWDERS,-,SANITATION HOUSEKEEPING & CLEANING SUPPLIES,PCS,141.6,-,141.6,1,25.49,141.6,167.09,-,14-05-2025,0,-,0,0,-,13,15-05-2025,0,-,0,0,na,No,0,0,0,141.6,0,0,Suspicious Resolved By Supplier
Warehouse NCR,Gimme Mo! CP,-,14-05-2025,14-05-2025,IN4,Received,,,GM Brown Paper Napkin with GM Logo,CT_31,DISPOSABLE PACKAGING - TISSUE PAPER,-,DISPOSABLE TAKE AWAY PACKAGING,PCS,46.02,-,46.02,10,82.84,460.2,543.04,-,14-05-2025,0,-,0,0,-,13,15-05-2025,0,-,0,0,na,No,0,0,0,460.2,0,0,Suspicious Resolved By Supplier
Warehouse NCR,Gimme Mo! CP,-,14-05-2025,14-05-2025,IN4,Received,,,GM Choco Lava Cake Mix 1000GM,CT_55,RM FOOD - VEG INGREDIENTS,-,RAW MATERIAL,KG,212,-,212,4,42.4,848,890.4,-,14-05-2025,0,-,0,0,-,13,15-05-2025,0,-,0,0,na,No,0,0,0,848,0,0,Suspicious Resolved By Supplier
Warehouse NCR,Gimme Mo! CP,-,14-05-2025,14-05-2025,IN4,Received,,,Kay 5 Sanitiser/ Cleaner,CT_72,CLEANING CHEMICALS - POWDERS,-,SANITATION HOUSEKEEPING & CLEANING SUPPLIES,PCS,20.35,-,20.35,10,36.63,203.5,240.13,-,14-05-2025,0,-,0,0,-,13,15-05-2025,0,-,0,0,na,No,0,0,0,203.5,0,0,Suspicious Resolved By Supplier
Warehouse NCR,Gimme Mo! CP,-,15-05-2025,15-05-2025,IN5,Received,PKG0000002,,Disposable - Wooden Fork,CT_19,DISPOSABLE CUTLERY - WOODEN FORK,-,DISPOSABLE TAKE AWAY PACKAGING,PCS,0.73,-,0.73,300,26.28,219,245.28,-,15-05-2025,300,26.28,219,245.28,-,15,15-05-2025,300,26.28,219,245.28,-,No,0,0,0,0,0,0,Received
Warehouse NCR,Gimme Mo! CP,-,15-05-2025,15-05-2025,IN5,Received,,,Ecolab Quik Care N70 E,CT_72,CLEANING CHEMICALS - POWDERS,-,SANITATION HOUSEKEEPING & CLEANING SUPPLIES,PCS,141.6,-,141.6,1,25.49,141.6,167.09,-,15-05-2025,1,25.49,141.6,167.09,-,15,15-05-2025,1,25.49,141.6,167.09,-,No,0,0,0,0,0,0,Received
Warehouse NCR,Gimme Mo! CP,-,15-05-2025,15-05-2025,IN5,Received,,,GM Brown Paper Napkin with GM Logo,CT_31,DISPOSABLE PACKAGING - TISSUE PAPER,-,DISPOSABLE TAKE AWAY PACKAGING,PKT(100PC),46.02,-,46.02,10,82.84,460.2,543.04,-,15-05-2025,10,82.84,460.2,543.04,-,15,15-05-2025,10,82.84,460.2,543.04,-,No,0,0,0,0,0,0,Received
Warehouse NCR,Gimme Mo! CP,-,15-05-2025,15-05-2025,IN5,Received,,,GM Choco Lava Cake Mix 1000GM,CT_55,RM FOOD - VEG INGREDIENTS,-,RAW MATERIAL,KG,212,-,212,4,42.4,848,890.4,-,15-05-2025,4,42.4,848,890.4,-,15,15-05-2025,4,42.4,848,890.4,-,No,0,0,0,0,0,0,Received
Warehouse NCR,Gimme Mo! CP,-,15-05-2025,15-05-2025,IN5,Received,,,Kay 5 Sanitiser/ Cleaner,CT_72,CLEANING CHEMICALS - POWDERS,-,SANITATION HOUSEKEEPING & CLEANING SUPPLIES,PCS,20.35,-,20.35,10,36.63,203.5,240.13,-,15-05-2025,10,36.63,203.5,240.13,-,15,15-05-2025,10,36.63,203.5,240.13,-,No,0,0,0,0,0,0,Received
Warehouse NCR,MSFT Hyd,-,15-05-2025,18-05-2025,IN2,Received,PKG0000010,,Bagasse Lid 80 Mm,CT_23,DISPOSABLE PACKAGING - BEVERAGES - LIDS,-,DISPOSABLE TAKE AWAY PACKAGING,NOS,2.3,-,2.3,400,110.4,920,1030.4,-,15-05-2025,400,110.4,920,1030.4,-,16,21-05-2025,400,110.4,920,1030.4,-,No,0,0,0,0,0,0,Received
Warehouse NCR,MSFT Hyd,-,15-05-2025,18-05-2025,IN2,Received,PKG0000016,,Disposable - Lid (Cold) 12Oz - Dome,CT_23,DISPOSABLE PACKAGING - BEVERAGES - LIDS,-,DISPOSABLE TAKE AWAY PACKAGING,PKT(100PC),315,-,315,10,567,3150,3717,-,15-05-2025,10,567,3150,3717,-,16,21-05-2025,10,567,3150,3717,-,No,0,0,0,0,0,0,Received
Warehouse NCR,MSFT Hyd,-,15-05-2025,18-05-2025,IN2,Received,PKG0000017,,Disposable - Lid (Hot) 12Oz,CT_23,DISPOSABLE PACKAGING - BEVERAGES - LIDS,-,DISPOSABLE TAKE AWAY PACKAGING,PKT(100PC),395,-,395,10,711,3950,4661,-,15-05-2025,5,355.5,1975,2330.5,-,16,21-05-2025,5,355.5,1975,2330.5,less Items received,No,0,0,0,0,5,1975,Suspicious Resolved By Supplier
Warehouse NCR,MSFT Hyd,-,15-05-2025,18-05-2025,IN2,Received,PKG0000012,,Disposable - Paper Cup 08Oz,CT_25,DISPOSABLE PACKAGING - BEVERAGES - CUPS,-,DISPOSABLE TAKE AWAY PACKAGING,PKT(25PC),117.5,-,117.5,15,317.25,1762.5,2079.75,-,15-05-2025,15,317.25,1762.5,2079.75,-,16,21-05-2025,15,317.25,1762.5,2079.75,-,No,0,0,0,0,0,0,Received
Warehouse NCR,MSFT Hyd,-,15-05-2025,18-05-2025,IN2,Received,PKG0000013,,Disposable - Paper Cup 12Oz,CT_25,DISPOSABLE PACKAGING - BEVERAGES - CUPS,-,DISPOSABLE TAKE AWAY PACKAGING,PKT(25PC),124.25,-,124.25,10,223.65,1242.5,1466.15,-,15-05-2025,10,223.65,1242.5,1466.15,-,16,21-05-2025,10,223.65,1242.5,1466.15,-,No,0,0,0,0,0,0,Received
Warehouse NCR,MSFT Hyd,-,15-05-2025,18-05-2025,IN2,Received,PKG0000014,,Disposable - Paper Cup 16Oz,CT_25,DISPOSABLE PACKAGING - BEVERAGES - CUPS,-,DISPOSABLE TAKE AWAY PACKAGING,PKT(25PC),148.75,-,148.75,15,401.63,2231.25,2632.88,-,15-05-2025,15,401.63,2231.25,2632.88,-,16,21-05-2025,15,401.63,2231.25,2632.88,-,No,0,0,0,0,0,0,Received
Warehouse NCR,Gimme Mo! CP,-,20-05-2025,24-05-2025,IN6,Received,RET0000024,,Cold Coffee Can - Irish,CT_64,RTD COLD COFFEE - BOTTLE/CAN,-,RETAIL,CAN,55,-,55,24,158.4,1320,1478.4,-,20-05-2025,0,-,0,0,-,17,20-05-2025,0,-,0,0,NA,No,0,0,0,1320,0,0,Suspicious Resolved By Supplier
Warehouse NCR,Gimme Mo! CP,-,20-05-2025,24-05-2025,IN6,Received,RET0000023,,Cold Coffee Can - Vietnamese,CT_64,RTD COLD COFFEE - BOTTLE/CAN,-,RETAIL,CAN,55,-,55,24,158.4,1320,1478.4,-,20-05-2025,0,-,0,0,-,17,20-05-2025,0,-,0,0,NA,No,0,0,0,1320,0,0,Suspicious Resolved By Supplier
Warehouse NCR,Gimme Mo! CP,-,20-05-2025,24-05-2025,IN6,Received,PKG0000022,,Disposable - Straw - 10Mm,CT_26,DISPOSABLE PACKAGING - BEVERAGES - STRAW,-,DISPOSABLE TAKE AWAY PACKAGING,PCS,0.71,-,0.71,100,12.78,71,83.78,-,20-05-2025,0,-,0,0,-,17,20-05-2025,0,-,0,0,NA,No,0,0,0,71,0,0,Suspicious Resolved By Supplier
Warehouse NCR,Gimme Mo! CP,-,20-05-2025,24-05-2025,IN6,Received,,,GM Blue Curacao Syrup 1000ML,CT_49,RM BEVERAGES - SYRUP/SAUCE,-,RAW MATERIAL,BTL(1LTR),411,-,411,1,73.98,411,484.98,-,20-05-2025,0,-,0,0,-,17,20-05-2025,0,-,0,0,NA,No,0,0,0,411,0,0,Suspicious Resolved By Supplier
Warehouse NCR,Gimme Mo! CP,-,20-05-2025,24-05-2025,IN6,Received,,,GM Kala Khatta Syrup 750ML,CT_49,RM BEVERAGES - SYRUP/SAUCE,-,RAW MATERIAL,BTL(750ML,480.9,-,480.9,1,86.56,480.9,567.46,-,20-05-2025,0,-,0,0,-,17,20-05-2025,0,-,0,0,NA,No,0,0,0,480.9,0,0,Suspicious Resolved By Supplier
Warehouse NCR,Gimme Mo! CP,-,20-05-2025,24-05-2025,IN6,Received,,,GM Masala Lemonade Syrup 1000ML,CT_49,RM BEVERAGES - SYRUP/SAUCE,-,RAW MATERIAL,BTL(1LTR),-,-,0,1,-,0,0,-,20-05-2025,0,-,0,0,-,,20-05-2025,0,-,0,0,-,No,0,0,0,0,0,0,Received
Warehouse NCR,Gimme Mo! CP,-,20-05-2025,24-05-2025,IN6,Received,,,GM Orange Crush 1000ML,CT_49,RM BEVERAGES - SYRUP/SAUCE,-,RAW MATERIAL,BTL(1LTR),245,-,245,1,29.4,245,274.4,-,20-05-2025,0,-,0,0,-,17,20-05-2025,0,-,0,0,NA,No,0,0,0,245,0,0,Suspicious Resolved By Supplier
Warehouse NCR,Gimme Mo! CP,-,20-05-2025,24-05-2025,IN6,Received,,,GM Peach Garden Syrup 750ML,CT_49,RM BEVERAGES - SYRUP/SAUCE,-,RAW MATERIAL,BTL(750ML,480.9,-,480.9,1,86.56,480.9,567.46,-,20-05-2025,0,-,0,0,-,17,20-05-2025,0,-,0,0,NA,No,0,0,0,480.9,0,0,Suspicious Resolved By Supplier
Warehouse NCR,Gimme Mo! CP,-,20-05-2025,24-05-2025,IN6,Received,,,GM Plastic Glass 350ml With Pink Lid,CT_25,DISPOSABLE PACKAGING - BEVERAGES - CUPS,-,DISPOSABLE TAKE AWAY PACKAGING,PCS,8.61,-,8.61,200,309.96,1722,2031.96,-,20-05-2025,0,-,0,0,-,17,20-05-2025,0,-,0,0,NA,No,0,0,0,1722,0,0,Suspicious Resolved By Supplier
Warehouse NCR,Coffee Island HQ-27,-,20-05-2025,21-05-2025,IN1,Received,RAW0000005,,Beans - Ethiopian Single Estate,CT_43,RM BEVERAGES - BEANS,-,RAW MATERIAL,KG,3013.33,-,3013.33,5,753.33,15066.65,15819.98,-,20-05-2025,5,753.33,15066.65,15819.98,-,19,24-05-2025,5,753.33,15066.65,15819.98,-,No,0,0,0,0,0,0,Received
Warehouse NCR,Coffee Island HQ-27,-,20-05-2025,21-05-2025,IN1,Received,RAW0000006,,Beans - Kenya Single Estate,CT_43,RM BEVERAGES - BEANS,-,RAW MATERIAL,KG,3463.33,-,3463.33,10,1731.67,34633.3,36364.97,-,20-05-2025,10,1731.67,34633.3,36364.97,-,19,24-05-2025,10,1731.67,34633.3,36364.97,-,No,0,0,0,0,0,0,Received
Warehouse NCR,Coffee Island HQ-27,-,20-05-2025,21-05-2025,IN1,Received,RAW0000001,,Beans - Master Blend,CT_43,RM BEVERAGES - BEANS,-,RAW MATERIAL,KG,798.33,-,798.33,10,399.17,7983.3,8382.47,-,20-05-2025,10,399.17,7983.3,8382.47,-,19,24-05-2025,10,399.17,7983.3,8382.47,-,No,0,0,0,0,0,0,Received
Warehouse NCR,Coffee Island HQ-27,-,20-05-2025,21-05-2025,IN1,Received,RAW0000002,,Beans - Volcano Blend,CT_43,RM BEVERAGES - BEANS,-,RAW MATERIAL,KG,768.33,-,768.33,25,960.41,19208.25,20168.66,-,20-05-2025,25,960.41,19208.25,20168.66,-,19,24-05-2025,25,960.41,19208.25,20168.66,-,No,0,0,0,0,0,0,Received
Warehouse NCR,Coffee Island HQ-27,-,20-05-2025,21-05-2025,IN1,Received,PKG0000009,,Disposable - Cup Holder,CT_22,DISPOSABLE PACKAGING - ACCESSORIES - CUP HOLDER,-,DISPOSABLE TAKE AWAY PACKAGING,PCS,2.25,-,2.25,200,81,450,531,-,20-05-2025,200,81,450,531,-,19,24-05-2025,200,81,450,531,-,No,0,0,0,0,0,0,Received
Warehouse NCR,Coffee Island HQ-27,-,20-05-2025,21-05-2025,IN1,Received,PKG0000012,,Disposable - Paper Cup 08Oz,CT_25,DISPOSABLE PACKAGING - BEVERAGES - CUPS,-,DISPOSABLE TAKE AWAY PACKAGING,PCS,4.7,-,4.7,200,169.2,940,1109.2,-,20-05-2025,200,169.2,940,1109.2,-,19,24-05-2025,200,169.2,940,1109.2,-,No,0,0,0,0,0,0,Received
Warehouse NCR,Coffee Island HQ-27,-,20-05-2025,21-05-2025,IN1,Received,PKG0000013,,Disposable - Paper Cup 12Oz,CT_25,DISPOSABLE PACKAGING - BEVERAGES - CUPS,-,DISPOSABLE TAKE AWAY PACKAGING,PCS,4.97,-,4.97,300,268.38,1491,1759.38,-,20-05-2025,300,268.38,1491,1759.38,-,19,24-05-2025,300,268.38,1491,1759.38,-,No,0,0,0,0,0,0,Received
Warehouse NCR,Coffee Island HQ-27,-,20-05-2025,21-05-2025,IN1,Received,PKG0000014,,Disposable - Paper Cup 16Oz,CT_25,DISPOSABLE PACKAGING - BEVERAGES - CUPS,-,DISPOSABLE TAKE AWAY PACKAGING,PCS,5.95,-,5.95,150,160.65,892.5,1053.15,-,20-05-2025,150,160.65,892.5,1053.15,-,19,24-05-2025,150,160.65,892.5,1053.15,-,No,0,0,0,0,0,0,Received
Warehouse NCR,Coffee Island HQ-27,-,20-05-2025,21-05-2025,IN1,Received,PKG0000032,,Disposable - Tissue Paper,CT_31,DISPOSABLE PACKAGING - TISSUE PAPER,-,DISPOSABLE TAKE AWAY PACKAGING,PKT(100PCS),54,-,54,30,291.6,1620,1911.6,-,20-05-2025,30,291.6,1620,1911.6,-,19,24-05-2025,30,291.6,1620,1911.6,-,No,0,0,0,0,0,0,Received
Warehouse NCR,Coffee Island HQ-27,-,20-05-2025,21-05-2025,IN1,Received,PKG0000031,,Kitchen Roll 1 Kg,CT_30,DISPOSABLE PACKAGING - KITCHEN ROLL,-,DISPOSABLE TAKE AWAY PACKAGING,NOS,136,-,136,20,489.6,2720,3209.6,-,20-05-2025,20,489.6,2720,3209.6,-,19,24-05-2025,20,489.6,2720,3209.6,-,No,0,0,0,0,0,0,Received
Warehouse NCR,Coffee Island HQ-27,-,20-05-2025,21-05-2025,IN1,Received,UNI0000007,,Polo T-Shirt With Ci Logo - Medium,CT_82,UNIFORM - SHIRT/T SHIRT,-,UNIFORM,NOS,340,-,340,5,85,1700,1785,-,20-05-2025,5,85,1700,1785,-,19,24-05-2025,5,85,1700,1785,-,No,0,0,0,0,0,0,Received
Warehouse NCR,Coffee Island HQ-27,-,20-05-2025,21-05-2025,IN1,Received,RET0000051,,Sipper - Biggest White With Steel Rim,CT_69,SIPPERS/BOTTLES,-,RETAIL,NOS,400,-,400,10,480,4000,4480,-,20-05-2025,10,480,4000,4480,-,19,24-05-2025,10,480,4000,4480,-,No,0,0,0,0,0,0,Received
Warehouse NCR,Coffee Island HQ-27,-,20-05-2025,21-05-2025,IN1,Received,RET0000012,,Tote Bag,CT_60,LIFESTYLE ACCESSORIES,-,RETAIL,PCS,75,-,75,10,37.5,750,787.5,-,20-05-2025,10,37.5,750,787.5,-,19,24-05-2025,10,37.5,750,787.5,-,No,0,0,0,0,0,0,Received
Warehouse NCR,Coffee Island HQ-27,-,20-05-2025,21-05-2025,IN2,Received,PKG0000025,,Disposable - Rectangular Box,CT_29,DISPOSABLE PACKAGING - FOOD - FOOD BOX,-,DISPOSABLE TAKE AWAY PACKAGING,PCS,7.3,-,7.3,300,262.8,2190,2452.8,-,20-05-2025,300,262.8,2190,2452.8,-,20,24-05-2025,300,262.8,2190,2452.8,-,No,0,0,0,0,0,0,Received
Warehouse NCR,Coffee Island HQ-27,-,20-05-2025,21-05-2025,IN2,Received,PKG0000015,,Plastic Transparent Bowl,CT_25,DISPOSABLE PACKAGING - BEVERAGES - CUPS,-,DISPOSABLE TAKE AWAY PACKAGING,PCS,7.41,-,7.41,200,266.76,1482,1748.76,-,20-05-2025,200,266.76,1482,1748.76,-,20,24-05-2025,200,266.76,1482,1748.76,-,No,0,0,0,0,0,0,Received
Warehouse NCR,Gimme Mo! CP,-,20-05-2025,21-05-2025,IN7,Received,RET0000024,,Cold Coffee Can - Irish,CT_64,RTD COLD COFFEE - BOTTLE/CAN,-,RETAIL,CAN,58.15,-,58.15,24,167.47,1395.6,1563.07,-,20-05-2025,24,167.47,1395.6,1563.07,-,18,21-05-2025,24,167.47,1395.6,1563.07,-,No,0,0,0,0,0,0,Received
Warehouse NCR,Gimme Mo! CP,-,20-05-2025,21-05-2025,IN7,Received,RET0000023,,Cold Coffee Can - Vietnamese,CT_64,RTD COLD COFFEE - BOTTLE/CAN,-,RETAIL,CAN,58.15,-,58.15,24,167.47,1395.6,1563.07,-,20-05-2025,24,167.47,1395.6,1563.07,-,18,21-05-2025,24,167.47,1395.6,1563.07,-,No,0,0,0,0,0,0,Received
Warehouse NCR,Gimme Mo! CP,-,20-05-2025,21-05-2025,IN7,Received,PKG0000022,,Disposable - Straw - 10Mm,CT_26,DISPOSABLE PACKAGING - BEVERAGES - STRAW,-,DISPOSABLE TAKE AWAY PACKAGING,PCS,0.51,-,0.51,100,9.15,50.85,60,-,20-05-2025,100,9.15,50.85,60,-,18,21-05-2025,100,9.15,50.85,60,-,No,0,0,0,0,0,0,Received
Warehouse NCR,Gimme Mo! CP,-,20-05-2025,21-05-2025,IN7,Received,,,GM Blue Curacao Syrup 1000ML,CT_49,RM BEVERAGES - SYRUP/SAUCE,-,RAW MATERIAL,BTL(1LTR),411,-,411,1,73.98,411,484.98,-,20-05-2025,1,73.98,411,484.98,-,18,21-05-2025,1,73.98,411,484.98,-,No,0,0,0,0,0,0,Received
Warehouse NCR,Gimme Mo! CP,-,20-05-2025,21-05-2025,IN7,Received,,,GM Kala Khatta Syrup 750ML,CT_49,RM BEVERAGES - SYRUP/SAUCE,-,RAW MATERIAL,BTL(750ML,407.55,-,407.55,1,73.36,407.55,480.91,-,20-05-2025,1,73.36,407.55,480.91,-,18,21-05-2025,1,73.36,407.55,480.91,-,No,0,0,0,0,0,0,Received
Warehouse NCR,Gimme Mo! CP,-,20-05-2025,21-05-2025,IN7,Received,,,GM Orange Crush 1000ML,CT_49,RM BEVERAGES - SYRUP/SAUCE,-,RAW MATERIAL,BTL(1LTR),245,-,245,1,29.4,245,274.4,-,20-05-2025,1,29.4,245,274.4,-,18,21-05-2025,1,29.4,245,274.4,-,No,0,0,0,0,0,0,Received
Warehouse NCR,Gimme Mo! CP,-,20-05-2025,21-05-2025,IN7,Received,,,GM Peach Garden Syrup 750ML,CT_49,RM BEVERAGES - SYRUP/SAUCE,-,RAW MATERIAL,BTL(750ML,407.55,-,407.55,1,73.36,407.55,480.91,-,20-05-2025,1,73.36,407.55,480.91,-,18,21-05-2025,1,73.36,407.55,480.91,-,No,0,0,0,0,0,0,Received
Warehouse NCR,Gimme Mo! CP,-,20-05-2025,21-05-2025,IN7,Received,,,GM Plastic Glass 350ml With Pink Lid,CT_25,DISPOSABLE PACKAGING - BEVERAGES - CUPS,-,DISPOSABLE TAKE AWAY PACKAGING,PCS,7.3,-,7.3,200,262.8,1460,1722.8,-,20-05-2025,200,262.8,1460,1722.8,-,18,21-05-2025,200,262.8,1460,1722.8,-,No,0,0,0,0,0,0,Received
Warehouse NCR,Gimme Mo! CP,-,22-05-2025,22-05-2025,IN8,Received,,,Apron With Gimme Mo Logo,CT_80,UNIFORM - APRON,-,UNIFORM,NOS,300,-,300,6,90,1800,1890,-,22-05-2025,6,90,1800,1890,-,21,22-05-2025,6,90,1800,1890,-,No,0,0,0,0,0,0,Received
Warehouse NCR,Gimme Mo! CP,-,22-05-2025,22-05-2025,IN8,Received,,,Polo T-Shirt With Gimme Mo Logo (Size - L),CT_82,UNIFORM - SHIRT/T SHIRT,-,UNIFORM,NOS,410,-,410,6,123,2460,2583,-,22-05-2025,6,123,2460,2583,-,21,22-05-2025,6,123,2460,2583,-,No,0,0,0,0,0,0,Received
Warehouse NCR,Gimme Mo! CP,-,22-05-2025,22-05-2025,IN8,Received,,,Polo T-Shirt With Gimme Mo Logo (Size - M),CT_82,UNIFORM - SHIRT/T SHIRT,-,UNIFORM,NOS,410,-,410,6,123,2460,2583,-,22-05-2025,6,123,2460,2583,-,21,22-05-2025,6,123,2460,2583,-,No,0,0,0,0,0,0,Received
Warehouse NCR,Coffee Island Beyond GK II,-,23-05-2025,25-05-2025,IN1,Received,UNI0000004,,Apron With Ci Logo,CT_80,UNIFORM - APRON,-,UNIFORM,NOS,300,-,300,8,120,2400,2520,-,26-05-2025,8,120,2400,2520,-,24,01-06-2025,8,120,2400,2520,-,No,0,0,0,0,0,0,Received
Warehouse NCR,Coffee Island Beyond GK II,-,23-05-2025,25-05-2025,IN1,Received,UNI0000007,,Polo T-Shirt With Ci Logo - Medium,CT_82,UNIFORM - SHIRT/T SHIRT,-,UNIFORM,NOS,340,-,340,12,204,4080,4284,-,26-05-2025,12,204,4080,4284,-,24,01-06-2025,12,204,4080,4284,-,No,0,0,0,0,0,0,Received
Warehouse NCR,Coffee Island Beyond GK II,-,23-05-2025,25-05-2025,IN1,Received,UNI0000010,,Royal Blue Shirt F/S With Chinese Colour CI- Mens Medium,CT_82,UNIFORM - SHIRT/T SHIRT,-,UNIFORM,NOS,440,-,440,4,88,1760,1848,-,26-05-2025,4,88,1760,1848,-,24,01-06-2025,4,88,1760,1848,-,No,0,0,0,0,0,0,Received
Warehouse NCR,Coffee Island Beyond GK II,-,23-05-2025,25-05-2025,IN1,Received,UNI0000005,,Team Member Ci Cap - Blue,CT_81,UNIFORM - CAP/HEAD GEARS,-,UNIFORM,NOS,200,-,200,16,160,3200,3360,-,26-05-2025,16,160,3200,3360,-,24,01-06-2025,16,160,3200,3360,-,No,0,0,0,0,0,0,Received
Warehouse NCR,MSFT Hyd,-,25-05-2025,28-05-2025,IN3,Received,PKG0000010,,Bagasse Lid 80 Mm,CT_23,DISPOSABLE PACKAGING - BEVERAGES - LIDS,-,DISPOSABLE TAKE AWAY PACKAGING,NOS,2.3,-,2.3,1000,276,2300,2576,-,25-05-2025,0,-,0,0,-,22,26-05-2025,0,-,0,0,Test,No,0,0,0,0,0,0,Suspicious Resolved By Supplier
Warehouse NCR,MSFT Hyd,-,25-05-2025,28-05-2025,IN3,Received,RAW0000001,,Beans - Master Blend,CT_43,RM BEVERAGES - BEANS,-,RAW MATERIAL,KG,798.33,-,798.33,20,798.33,15966.6,16764.93,-,25-05-2025,0,-,0,0,-,22,26-05-2025,0,-,0,0,Test,No,0,0,0,0,0,0,Suspicious Resolved By Supplier
Warehouse NCR,MSFT Hyd,-,25-05-2025,28-05-2025,IN3,Received,RAW0000002,,Beans - Volcano Blend,CT_43,RM BEVERAGES - BEANS,-,RAW MATERIAL,KG,768.33,-,768.33,25,960.41,19208.25,20168.66,-,25-05-2025,0,-,0,0,-,22,26-05-2025,0,-,0,0,Test,No,0,0,0,0,0,0,Suspicious Resolved By Supplier
Warehouse NCR,MSFT Hyd,-,25-05-2025,28-05-2025,IN3,Received,PKG0000016,,Disposable - Lid (Cold) 12Oz - Dome,CT_23,DISPOSABLE PACKAGING - BEVERAGES - LIDS,-,DISPOSABLE TAKE AWAY PACKAGING,PCS,3.15,-,3.15,800,453.6,2520,2973.6,-,25-05-2025,0,-,0,0,-,22,26-05-2025,0,-,0,0,Test,No,0,0,0,0,0,0,Suspicious Resolved By Supplier
Warehouse NCR,MSFT Hyd,-,25-05-2025,28-05-2025,IN3,Received,PKG0000017,,Disposable - Lid (Hot) 12Oz,CT_23,DISPOSABLE PACKAGING - BEVERAGES - LIDS,-,DISPOSABLE TAKE AWAY PACKAGING,PCS,3.95,-,3.95,1000,711,3950,4661,-,25-05-2025,0,-,0,0,-,22,26-05-2025,0,-,0,0,Test,No,0,0,0,0,0,0,Suspicious Resolved By Supplier
Warehouse NCR,MSFT Hyd,-,25-05-2025,28-05-2025,IN3,Received,PKG0000012,,Disposable - Paper Cup 08Oz,CT_25,DISPOSABLE PACKAGING - BEVERAGES - CUPS,-,DISPOSABLE TAKE AWAY PACKAGING,PCS,4.7,-,4.7,1000,846,4700,5546,-,25-05-2025,0,-,0,0,-,22,26-05-2025,0,-,0,0,Test,No,0,0,0,0,0,0,Suspicious Resolved By Supplier
Warehouse NCR,MSFT Hyd,-,25-05-2025,28-05-2025,IN3,Received,PKG0000013,,Disposable - Paper Cup 12Oz,CT_25,DISPOSABLE PACKAGING - BEVERAGES - CUPS,-,DISPOSABLE TAKE AWAY PACKAGING,PCS,4.97,-,4.97,1000,894.6,4970,5864.6,-,25-05-2025,0,-,0,0,-,22,26-05-2025,0,-,0,0,Test,No,0,0,0,0,0,0,Suspicious Resolved By Supplier
Warehouse NCR,MSFT Hyd,-,25-05-2025,28-05-2025,IN3,Received,PKG0000014,,Disposable - Paper Cup 16Oz,CT_25,DISPOSABLE PACKAGING - BEVERAGES - CUPS,-,DISPOSABLE TAKE AWAY PACKAGING,PCS,5.95,-,5.95,800,856.8,4760,5616.8,-,25-05-2025,0,-,0,0,-,22,26-05-2025,0,-,0,0,Test,No,0,0,0,0,0,0,Suspicious Resolved By Supplier
Warehouse NCR,MSFT Hyd,-,25-05-2025,28-05-2025,IN3,Received,PKG0000020,,Disposable - Straw - 08Mm,CT_26,DISPOSABLE PACKAGING - BEVERAGES - STRAW,-,DISPOSABLE TAKE AWAY PACKAGING,PCS,0.6,-,0.6,1000,108,600,708,-,25-05-2025,0,-,0,0,-,22,26-05-2025,0,-,0,0,Test,No,0,0,0,0,0,0,Suspicious Resolved By Supplier
Warehouse NCR,MSFT Hyd,-,25-05-2025,28-05-2025,IN3,Received,PKG0000022,,Disposable - Straw - 10Mm,CT_26,DISPOSABLE PACKAGING - BEVERAGES - STRAW,-,DISPOSABLE TAKE AWAY PACKAGING,PCS,0.51,-,0.51,1000,91.53,508.5,600.03,-,25-05-2025,0,-,0,0,-,22,26-05-2025,0,-,0,0,Test,No,0,0,0,0,0,0,Suspicious Resolved By Supplier
Warehouse NCR,MSFT Hyd,-,25-05-2025,28-05-2025,IN3,Received,PKG0000024,,Food Wrapping Paper - Ci,CT_28,DISPOSABLE PACKAGING - BUTTER WRAPPING SHEETS,-,DISPOSABLE TAKE AWAY PACKAGING,PCS,0.22,-,0.22,1000,26.4,220,246.4,-,25-05-2025,0,-,0,0,-,22,26-05-2025,0,-,0,0,Test,No,0,0,0,0,0,0,Suspicious Resolved By Supplier
Warehouse NCR,MSFT Hyd,-,25-05-2025,28-05-2025,IN3,Received,PKG0000031,,Kitchen Roll 1 Kg,CT_30,DISPOSABLE PACKAGING - KITCHEN ROLL,-,DISPOSABLE TAKE AWAY PACKAGING,NOS,136,-,136,24,587.52,3264,3851.52,-,25-05-2025,0,-,0,0,-,22,26-05-2025,0,-,0,0,Test,No,0,0,0,0,0,0,Suspicious Resolved By Supplier
Warehouse NCR,MSFT Hyd,-,26-05-2025,28-05-2025,IN4,Received,PKG0000010,,Bagasse Lid 80 Mm,CT_23,DISPOSABLE PACKAGING - BEVERAGES - LIDS,-,DISPOSABLE TAKE AWAY PACKAGING,NOS,2.3,-,2.3,1000,276,2300,2576,-,26-05-2025,1000,276,2300,2576,-,23,01-06-2025,1000,276,2300,2576,-,No,0,0,0,0,0,0,Received
Warehouse NCR,MSFT Hyd,-,26-05-2025,28-05-2025,IN4,Received,RAW0000001,,Beans - Master Blend,CT_43,RM BEVERAGES - BEANS,-,RAW MATERIAL,KG,798.33,-,798.33,20,798.33,15966.6,16764.93,-,26-05-2025,20,798.33,15966.6,16764.93,-,23,01-06-2025,20,798.33,15966.6,16764.93,-,No,0,0,0,0,0,0,Received
Warehouse NCR,MSFT Hyd,-,26-05-2025,28-05-2025,IN4,Received,RAW0000002,,Beans - Volcano Blend,CT_43,RM BEVERAGES - BEANS,-,RAW MATERIAL,KG,768.33,-,768.33,25,960.41,19208.25,20168.66,-,26-05-2025,25,960.41,19208.25,20168.66,-,23,01-06-2025,25,960.41,19208.25,20168.66,-,No,0,0,0,0,0,0,Received
Warehouse NCR,MSFT Hyd,-,26-05-2025,28-05-2025,IN4,Received,PKG0000016,,Disposable - Lid (Cold) 12Oz - Dome,CT_23,DISPOSABLE PACKAGING - BEVERAGES - LIDS,-,DISPOSABLE TAKE AWAY PACKAGING,PCS,3.15,-,3.15,800,453.6,2520,2973.6,-,26-05-2025,800,453.6,2520,2973.6,-,23,01-06-2025,800,453.6,2520,2973.6,-,No,0,0,0,0,0,0,Received
Warehouse NCR,MSFT Hyd,-,26-05-2025,28-05-2025,IN4,Received,PKG0000017,,Disposable - Lid (Hot) 12Oz,CT_23,DISPOSABLE PACKAGING - BEVERAGES - LIDS,-,DISPOSABLE TAKE AWAY PACKAGING,PCS,3.95,-,3.95,1000,711,3950,4661,-,26-05-2025,1000,711,3950,4661,-,23,01-06-2025,1000,711,3950,4661,-,No,0,0,0,0,0,0,Received
Warehouse NCR,MSFT Hyd,-,26-05-2025,28-05-2025,IN4,Received,PKG0000012,,Disposable - Paper Cup 08Oz,CT_25,DISPOSABLE PACKAGING - BEVERAGES - CUPS,-,DISPOSABLE TAKE AWAY PACKAGING,PCS,4.7,-,4.7,1000,846,4700,5546,-,26-05-2025,1000,846,4700,5546,-,23,01-06-2025,1000,846,4700,5546,-,No,0,0,0,0,0,0,Received
Warehouse NCR,MSFT Hyd,-,26-05-2025,28-05-2025,IN4,Received,PKG0000013,,Disposable - Paper Cup 12Oz,CT_25,DISPOSABLE PACKAGING - BEVERAGES - CUPS,-,DISPOSABLE TAKE AWAY PACKAGING,PCS,4.97,-,4.97,1000,894.6,4970,5864.6,-,26-05-2025,1000,894.6,4970,5864.6,-,23,01-06-2025,1000,894.6,4970,5864.6,-,No,0,0,0,0,0,0,Received
Warehouse NCR,MSFT Hyd,-,26-05-2025,28-05-2025,IN4,Received,PKG0000014,,Disposable - Paper Cup 16Oz,CT_25,DISPOSABLE PACKAGING - BEVERAGES - CUPS,-,DISPOSABLE TAKE AWAY PACKAGING,PCS,5.95,-,5.95,800,856.8,4760,5616.8,-,26-05-2025,800,856.8,4760,5616.8,-,23,01-06-2025,800,856.8,4760,5616.8,-,No,0,0,0,0,0,0,Received
Warehouse NCR,MSFT Hyd,-,26-05-2025,28-05-2025,IN4,Received,PKG0000020,,Disposable - Straw - 08Mm,CT_26,DISPOSABLE PACKAGING - BEVERAGES - STRAW,-,DISPOSABLE TAKE AWAY PACKAGING,PCS,0.6,-,0.6,1000,108,600,708,-,26-05-2025,1000,108,600,708,-,23,01-06-2025,1000,108,600,708,-,No,0,0,0,0,0,0,Received
Warehouse NCR,MSFT Hyd,-,26-05-2025,28-05-2025,IN4,Received,PKG0000022,,Disposable - Straw - 10Mm,CT_26,DISPOSABLE PACKAGING - BEVERAGES - STRAW,-,DISPOSABLE TAKE AWAY PACKAGING,PCS,0.51,-,0.51,1000,91.53,508.5,600.03,-,26-05-2025,1000,91.53,508.5,600.03,-,23,01-06-2025,1000,91.53,508.5,600.03,-,No,0,0,0,0,0,0,Received
Warehouse NCR,MSFT Hyd,-,26-05-2025,28-05-2025,IN4,Received,PKG0000024,,Food Wrapping Paper - Ci,CT_28,DISPOSABLE PACKAGING - BUTTER WRAPPING SHEETS,-,DISPOSABLE TAKE AWAY PACKAGING,PCS,0.22,-,0.22,1000,26.4,220,246.4,-,26-05-2025,1000,26.4,220,246.4,-,23,01-06-2025,1000,26.4,220,246.4,-,No,0,0,0,0,0,0,Received
Warehouse NCR,MSFT Hyd,-,26-05-2025,28-05-2025,IN4,Received,PKG0000031,,Kitchen Roll 1 Kg,CT_30,DISPOSABLE PACKAGING - KITCHEN ROLL,-,DISPOSABLE TAKE AWAY PACKAGING,NOS,115,-,115,24,496.8,2760,3256.8,-,26-05-2025,24,496.8,2760,3256.8,-,23,01-06-2025,24,496.8,2760,3256.8,-,No,0,0,0,0,0,0,Received
Warehouse NCR,Gimme mo ! Gk2,-,27-05-2025,29-05-2025,IN1,Received,,,Apron With Gimme Mo Logo,CT_80,UNIFORM - APRON,-,UNIFORM,NOS,300,-,300,5,75,1500,1575,-,27-05-2025,5,75,1500,1575,-,25,29-05-2025,5,75,1500,1575,-,No,0,0,0,0,0,0,Received
Warehouse NCR,Gimme mo ! Gk2,-,27-05-2025,29-05-2025,IN1,Received,RET0000024,,Cold Coffee Can - Irish,CT_64,RTD COLD COFFEE - BOTTLE/CAN,-,RETAIL,CAN,58.15,-,58.15,48,334.94,2791.2,3126.14,-,27-05-2025,48,334.94,2791.2,3126.14,-,25,29-05-2025,48,334.94,2791.2,3126.14,-,No,0,0,0,0,0,0,Received
Warehouse NCR,Gimme mo ! Gk2,-,27-05-2025,29-05-2025,IN1,Received,RET0000023,,Cold Coffee Can - Vietnamese,CT_64,RTD COLD COFFEE - BOTTLE/CAN,-,RETAIL,CAN,58.15,-,58.15,48,334.94,2791.2,3126.14,-,27-05-2025,48,334.94,2791.2,3126.14,-,25,29-05-2025,48,334.94,2791.2,3126.14,-,No,0,0,0,0,0,0,Received
Warehouse NCR,Gimme mo ! Gk2,-,27-05-2025,29-05-2025,IN1,Received,,,Degreaser,CT_71,CLEANING CHEMICALS - LIQUID,-,SANITATION HOUSEKEEPING & CLEANING SUPPLIES,PCS,740,-,740,1,133.2,740,873.2,-,27-05-2025,1,133.2,740,873.2,-,25,29-05-2025,1,133.2,740,873.2,-,No,0,0,0,0,0,0,Received
Warehouse NCR,Gimme mo ! Gk2,-,27-05-2025,29-05-2025,IN1,Received,,84137099,Dispenser Pump Blue Curacao,CT_13,SMALLWARE,-,CAPEX,PCS,249,-,249,2,89.64,498,587.64,-,27-05-2025,2,89.64,498,587.64,-,25,29-05-2025,2,89.64,498,587.64,-,No,0,0,0,0,0,0,Received
Warehouse NCR,Gimme mo ! Gk2,-,27-05-2025,29-05-2025,IN1,Received,PKG0000009,,Disposable - Cup Holder,CT_22,DISPOSABLE PACKAGING - ACCESSORIES - CUP HOLDER,-,DISPOSABLE TAKE AWAY PACKAGING,PCS,2.25,-,2.25,600,243,1350,1593,-,27-05-2025,600,243,1350,1593,-,25,29-05-2025,600,243,1350,1593,-,No,0,0,0,0,0,0,Received
Warehouse NCR,Gimme mo ! Gk2,-,27-05-2025,29-05-2025,IN1,Received,PKG0000021,,Disposable - Straw - 12Mm,CT_26,DISPOSABLE PACKAGING - BEVERAGES - STRAW,-,DISPOSABLE TAKE AWAY PACKAGING,PCS,1.3,-,1.3,500,117,650,767,-,27-05-2025,500,117,650,767,-,25,29-05-2025,500,117,650,767,-,No,0,0,0,0,0,0,Received
Warehouse NCR,Gimme mo ! Gk2,-,27-05-2025,29-05-2025,IN1,Received,PKG0000002,,Disposable - Wooden Fork,CT_19,DISPOSABLE CUTLERY - WOODEN FORK,-,DISPOSABLE TAKE AWAY PACKAGING,PCS,0.65,-,0.65,1000,78,650,728,-,27-05-2025,1000,78,650,728,-,25,29-05-2025,1000,78,650,728,-,No,0,0,0,0,0,0,Received
Warehouse NCR,Gimme mo ! Gk2,-,27-05-2025,29-05-2025,IN1,Received,,,Ecolab Quik Care N70 E,CT_72,CLEANING CHEMICALS - POWDERS,-,SANITATION HOUSEKEEPING & CLEANING SUPPLIES,PCS,120,-,120,1,21.6,120,141.6,-,27-05-2025,1,21.6,120,141.6,-,25,29-05-2025,1,21.6,120,141.6,-,No,0,0,0,0,0,0,Received
Warehouse NCR,Gimme mo ! Gk2,-,27-05-2025,29-05-2025,IN1,Received,,,GM 1000 Ml Bowl,CT_29,DISPOSABLE PACKAGING - FOOD - FOOD BOX,-,DISPOSABLE TAKE AWAY PACKAGING,PCS,7.5,-,7.5,300,405,2250,2655,-,27-05-2025,300,405,2250,2655,-,25,29-05-2025,300,405,2250,2655,-,No,0,0,0,0,0,0,Received
Warehouse NCR,Gimme mo ! Gk2,-,27-05-2025,29-05-2025,IN1,Received,,,GM 1000 Ml bowl Lid,CT_29,DISPOSABLE PACKAGING - FOOD - FOOD BOX,-,DISPOSABLE TAKE AWAY PACKAGING,PCS,2.75,-,2.75,500,247.5,1375,1622.5,-,27-05-2025,500,247.5,1375,1622.5,-,25,29-05-2025,500,247.5,1375,1622.5,-,No,0,0,0,0,0,0,Received
Warehouse NCR,Gimme mo ! Gk2,-,27-05-2025,29-05-2025,IN1,Received,,,GM Blue Curacao Syrup 1000ML,CT_49,RM BEVERAGES - SYRUP/SAUCE,-,RAW MATERIAL,BTL(1LTR),411,-,411,3,221.94,1233,1454.94,-,27-05-2025,3,221.94,1233,1454.94,-,25,29-05-2025,3,221.94,1233,1454.94,-,No,0,0,0,0,0,0,Received
Warehouse NCR,Gimme mo ! Gk2,-,27-05-2025,29-05-2025,IN1,Received,,,GM Brown Paper Napkin with GM Logo,CT_31,DISPOSABLE PACKAGING - TISSUE PAPER,-,DISPOSABLE TAKE AWAY PACKAGING,PKT(100PC),39,-,39,20,140.4,780,920.4,-,27-05-2025,20,140.4,780,920.4,-,25,29-05-2025,20,140.4,780,920.4,-,No,0,0,0,0,0,0,Received
Warehouse NCR,Gimme mo ! Gk2,-,27-05-2025,29-05-2025,IN1,Received,,,GM Choco Lava Cake Mix 1000GM,CT_55,RM FOOD - VEG INGREDIENTS,-,RAW MATERIAL,KG,212,-,212,4,42.4,848,890.4,-,27-05-2025,4,42.4,848,890.4,-,25,29-05-2025,4,42.4,848,890.4,-,No,0,0,0,0,0,0,Received
Warehouse NCR,Gimme mo ! Gk2,-,27-05-2025,29-05-2025,IN1,Received,,,GM Double Wall Customized Hot Cup With Lid - 200ml,CT_25,DISPOSABLE PACKAGING - BEVERAGES - CUPS,-,DISPOSABLE TAKE AWAY PACKAGING,PCS,4.5,-,4.5,300,243,1350,1593,-,27-05-2025,300,243,1350,1593,-,25,29-05-2025,300,243,1350,1593,-,No,0,0,0,0,0,0,Received
Warehouse NCR,Gimme mo ! Gk2,-,27-05-2025,29-05-2025,IN1,Received,,,GM Kala Khatta Syrup 750ML,CT_49,RM BEVERAGES - SYRUP/SAUCE,-,RAW MATERIAL,BTL(750ML,407.55,-,407.55,3,220.08,1222.65,1442.73,-,27-05-2025,3,220.08,1222.65,1442.73,-,25,29-05-2025,3,220.08,1222.65,1442.73,-,No,0,0,0,0,0,0,Received
Warehouse NCR,Gimme mo ! Gk2,-,27-05-2025,29-05-2025,IN1,Received,,,GM Masala Lemonade Syrup 1000ML,CT_49,RM BEVERAGES - SYRUP/SAUCE,-,RAW MATERIAL,BTL(1LTR),465,-,465,3,251.1,1395,1646.1,-,27-05-2025,3,251.1,1395,1646.1,-,25,29-05-2025,3,251.1,1395,1646.1,-,No,0,0,0,0,0,0,Received
Warehouse NCR,Gimme mo ! Gk2,-,27-05-2025,29-05-2025,IN1,Received,,,GM Momo Box Sleeve - 230GSM,CT_29,DISPOSABLE PACKAGING - FOOD - FOOD BOX,-,DISPOSABLE TAKE AWAY PACKAGING,PCS,7.7,-,7.7,500,462,3850,4312,-,27-05-2025,500,462,3850,4312,-,25,29-05-2025,500,462,3850,4312,-,No,0,0,0,0,0,0,Received
Warehouse NCR,Gimme mo ! Gk2,-,27-05-2025,29-05-2025,IN1,Received,,,GM Momo Box Tray With Silver Foiling & Dip Tray 230GSM,CT_29,DISPOSABLE PACKAGING - FOOD - FOOD BOX,-,DISPOSABLE TAKE AWAY PACKAGING,PCS,10.77,-,10.77,500,646.2,5385,6031.2,-,27-05-2025,500,646.2,5385,6031.2,-,25,29-05-2025,500,646.2,5385,6031.2,-,No,0,0,0,0,0,0,Received
Warehouse NCR,Gimme mo ! Gk2,-,27-05-2025,29-05-2025,IN1,Received,,,GM Nimbu Masala Syrup 750ML,CT_49,RM BEVERAGES - SYRUP/SAUCE,-,RAW MATERIAL,BTL(750ML,380,-,380,3,205.2,1140,1345.2,-,27-05-2025,3,205.2,1140,1345.2,-,25,29-05-2025,3,205.2,1140,1345.2,-,No,0,0,0,0,0,0,Received
Warehouse NCR,Gimme mo ! Gk2,-,27-05-2025,29-05-2025,IN1,Received,,,GM Orange Crush 1000ML,CT_49,RM BEVERAGES - SYRUP/SAUCE,-,RAW MATERIAL,BTL(1LTR),245,-,245,3,88.2,735,823.2,-,27-05-2025,3,88.2,735,823.2,-,25,29-05-2025,3,88.2,735,823.2,-,No,0,0,0,0,0,0,Received
Warehouse NCR,Gimme mo ! Gk2,-,27-05-2025,29-05-2025,IN1,Received,,,GM Paper Pouch For Cutlery And Tissue with Logo,CT_18,DISPOSABLE CUTLERY - CUTLERY POUCH,-,DISPOSABLE TAKE AWAY PACKAGING,PCS,0.72,-,0.72,500,64.8,360,424.8,-,27-05-2025,500,64.8,360,424.8,-,25,29-05-2025,500,64.8,360,424.8,-,No,0,0,0,0,0,0,Received
Warehouse NCR,Gimme mo ! Gk2,-,27-05-2025,29-05-2025,IN1,Received,,,GM Peach Garden Syrup 750ML,CT_49,RM BEVERAGES - SYRUP/SAUCE,-,RAW MATERIAL,BTL(750ML,407.55,-,407.55,3,220.08,1222.65,1442.73,-,27-05-2025,3,220.08,1222.65,1442.73,-,25,29-05-2025,3,220.08,1222.65,1442.73,-,No,0,0,0,0,0,0,Received
Warehouse NCR,Gimme mo ! Gk2,-,27-05-2025,29-05-2025,IN1,Received,,,GM Plastic Glass 350ml With Pink Lid,CT_25,DISPOSABLE PACKAGING - BEVERAGES - CUPS,-,DISPOSABLE TAKE AWAY PACKAGING,PCS,7.3,-,7.3,500,657,3650,4307,-,27-05-2025,500,657,3650,4307,-,25,29-05-2025,500,657,3650,4307,-,No,0,0,0,0,0,0,Received
Warehouse NCR,Gimme mo ! Gk2,-,27-05-2025,29-05-2025,IN1,Received,,,GM Printed Paper Carry Bag - Large 230GSM,CT_21,DISPOSABLE PACKAGING - ACCESSORIES - CARRY BAG,-,DISPOSABLE TAKE AWAY PACKAGING,PCS,14.5,-,14.5,500,870,7250,8120,-,27-05-2025,500,870,7250,8120,-,25,29-05-2025,500,870,7250,8120,-,No,0,0,0,0,0,0,Received
Warehouse NCR,Gimme mo ! Gk2,-,27-05-2025,29-05-2025,IN1,Received,,,GM Printed Paper Carry Bag - Small W/O Dori & Eyelet,CT_21,DISPOSABLE PACKAGING - ACCESSORIES - CARRY BAG,-,DISPOSABLE TAKE AWAY PACKAGING,PCS,6.16,-,6.16,100,73.92,616,689.92,-,27-05-2025,100,73.92,616,689.92,-,25,29-05-2025,100,73.92,616,689.92,-,No,0,0,0,0,0,0,Received
Warehouse NCR,Gimme mo ! Gk2,-,27-05-2025,29-05-2025,IN1,Received,,,GM Sealing Sticker 100/40mm,-,DISPOSABLE PACKAGING - ACCESSORIES - STICKERS,3,DISPOSABLE TAKE AWAY PACKAGING,PCS,0.83,-,0.83,1000,149.4,830,979.4,-,27-05-2025,1000,149.4,830,979.4,-,25,29-05-2025,1000,149.4,830,979.4,-,No,0,0,0,0,0,0,Received
Warehouse NCR,Gimme mo ! Gk2,-,27-05-2025,29-05-2025,IN1,Received,,,GM Snack Box With Lid - 500ml,CT_29,DISPOSABLE PACKAGING - FOOD - FOOD BOX,-,DISPOSABLE TAKE AWAY PACKAGING,PCS,8.75,-,8.75,500,787.5,4375,5162.5,-,27-05-2025,500,787.5,4375,5162.5,-,25,29-05-2025,500,787.5,4375,5162.5,-,No,0,0,0,0,0,0,Received
Warehouse NCR,Gimme mo ! Gk2,-,27-05-2025,29-05-2025,IN1,Received,,,GM Spicy Mango Syrup 750ML,CT_49,RM BEVERAGES - SYRUP/SAUCE,-,RAW MATERIAL,BTL(750ML,251,-,251,5,150.6,1255,1405.6,-,27-05-2025,5,150.6,1255,1405.6,-,25,29-05-2025,5,150.6,1255,1405.6,-,No,0,0,0,0,0,0,Received
Warehouse NCR,Gimme mo ! Gk2,-,27-05-2025,29-05-2025,IN1,Received,,,GM V/NV Sticker 10/10mm,-,DISPOSABLE PACKAGING - ACCESSORIES - STICKERS,3,DISPOSABLE TAKE AWAY PACKAGING,PCS,0.12,-,0.12,1000,21.6,120,141.6,-,27-05-2025,1000,21.6,120,141.6,-,25,29-05-2025,1000,21.6,120,141.6,-,No,0,0,0,0,0,0,Received
Warehouse NCR,Gimme mo ! Gk2,-,27-05-2025,29-05-2025,IN1,Received,,,Kay 5 Sanitiser/ Cleaner,CT_72,CLEANING CHEMICALS - POWDERS,-,SANITATION HOUSEKEEPING & CLEANING SUPPLIES,PCS,17.25,-,17.25,15,46.58,258.75,305.33,-,27-05-2025,15,46.58,258.75,305.33,-,25,29-05-2025,15,46.58,258.75,305.33,-,No,0,0,0,0,0,0,Received
Warehouse NCR,Gimme mo ! Gk2,-,27-05-2025,29-05-2025,IN1,Received,,,Kay AMH Handwash Plus,CT_71,CLEANING CHEMICALS - LIQUID,-,SANITATION HOUSEKEEPING & CLEANING SUPPLIES,PCS,725,-,725,1,130.5,725,855.5,-,27-05-2025,1,130.5,725,855.5,-,25,29-05-2025,1,130.5,725,855.5,-,No,0,0,0,0,0,0,Received
Warehouse NCR,Gimme mo ! Gk2,-,27-05-2025,29-05-2025,IN1,Received,,,KAY Delimer,CT_71,CLEANING CHEMICALS - LIQUID,-,SANITATION HOUSEKEEPING & CLEANING SUPPLIES,PCS,47.71,-,47.71,1,8.59,47.71,56.3,-,27-05-2025,1,8.59,47.71,56.3,-,25,29-05-2025,1,8.59,47.71,56.3,short supply,No,0,0,0,0,0,0,Received
Warehouse NCR,Gimme mo ! Gk2,-,27-05-2025,29-05-2025,IN1,Received,,,Kay QSR Heavy Duty Multipurpose Sink Detergent,CT_71,CLEANING CHEMICALS - LIQUID,-,SANITATION HOUSEKEEPING & CLEANING SUPPLIES,PCS,15.47,-,15.47,30,83.54,464.1,547.64,-,27-05-2025,30,83.54,464.1,547.64,-,25,29-05-2025,30,83.54,464.1,547.64,-,No,0,0,0,0,0,0,Received
Warehouse NCR,Gimme mo ! Gk2,-,27-05-2025,29-05-2025,IN1,Received,,,Polo T-Shirt With Gimme Mo Logo (Size - L),CT_82,UNIFORM - SHIRT/T SHIRT,-,UNIFORM,NOS,410,-,410,2,41,820,861,-,27-05-2025,2,41,820,861,-,25,29-05-2025,2,41,820,861,-,No,0,0,0,0,0,0,Received
Warehouse NCR,Gimme mo ! Gk2,-,27-05-2025,29-05-2025,IN1,Received,,,Polo T-Shirt With Gimme Mo Logo (Size - M),CT_82,UNIFORM - SHIRT/T SHIRT,-,UNIFORM,NOS,410,-,410,4,82,1640,1722,-,27-05-2025,4,82,1640,1722,-,25,29-05-2025,4,82,1640,1722,-,No,0,0,0,0,0,0,Received
Warehouse NCR,Gimme mo ! Gk2,-,27-05-2025,29-05-2025,IN1,Received,,,Polo T-Shirt With Gimme Mo Logo (Size - S),CT_82,UNIFORM - SHIRT/T SHIRT,-,UNIFORM,NOS,410,-,410,4,82,1640,1722,-,27-05-2025,4,82,1640,1722,-,25,29-05-2025,4,82,1640,1722,-,No,0,0,0,0,0,0,Received
Warehouse NCR,Coffee Island HQ-27,-,28-05-2025,28-05-2025,IN3,Received,RAW0000024,,Protein Powder - Cookie & Cream,CT_48,RM BEVERAGES - POWDERS,-,RAW MATERIAL,KG,1450,-,1450,1,261,1450,1711,-,29-05-2025,1,261,1450,1711,-,26,29-05-2025,1,261,1450,1711,-,No,0,0,0,0,0,0,Received
Warehouse NCR,Coffee Island HQ-27,-,28-05-2025,28-05-2025,IN3,Received,RAW0000023,,Protein Powder - Espresso,CT_48,RM BEVERAGES - POWDERS,-,RAW MATERIAL,KG,1450,-,1450,1,261,1450,1711,-,29-05-2025,1,261,1450,1711,-,26,29-05-2025,1,261,1450,1711,-,No,0,0,0,0,0,0,Received
,,,,,,,,,,,,,,,,,,Grand Total,36774.56,346527.51,383302.07,,,,30023.49,287876.11,317899.6,,,,,30023.49,287876.11,317899.6,,,,0,,0,,0,
