Super category,Category,Item name,Section,
Beverages,Choose Ice Cream,Vanilla Ice Cream @50,BEVERAGES,
Beverages,Choose of Crema,Salted Caramel Crema @50,BEVERAGES,
Beverages,Choose of Syrup,Irish Syrup @50,BEVERAGES,
Beverages,Choose of Beans,Volcano Blend @0,BEVERAGES,
Beverages,Cold Brews,Islander Cold Coffee-Lrg,BEVERAGES,
Cold Beverages,Choose of Milk,Regular Milk @0,BEVERAGES,
Cold Beverages,Choose of Beans,Master Blend - (Default),BEVERAGES,
Cold Beverages,Choose of Beans,Volcano Blend @0,BEVERAGES,
Hot Beverages,Hot Brews,Cortardo (Small),BEVERAGES,
Cold Beverages,Choose of Milk,Soya Milk @50,BEVERAGES,
Cold Beverages,Choose of Extra Shot - 50,Extra Shot - Volcano Blend,BEVERAGES,
Cold Beverages,Choose of Sauce,Chocolate Sauce @50,BEVERAGES,
Cold Beverages,Choose of Extra Shot - 50,Extra Shot - Master Blend,BEVERAGES,
Cold Beverages,Choose of Syrup,Irish Syrup @50,BEVERAGES,
Cold Beverages,Choose of Beans,Ethiopia Blend @25,BEVERAGES,
Cold Beverages,Choose of Boba,Coffee Popping Boba - 50,BEVERAGES,
Cold Beverages,Choose of Extra Shot - 50,Extra Shot - Ethiopia Single Estate,BEVERAGES,
Cold Beverages,Cold Brews,Iced Americano-Lrg,BEVERAGES,
Cold Beverages,Choose of Milk,Regular Milk @25,BEVERAGES,
Cold Beverages,Island Special-Cold,Iced Vietneamese Shakerato,BEVERAGES,
Cold Beverages,Choose of Beans,Volcano Blend - (Default),BEVERAGES,
Hot Beverages,Hot Tea,Indian Masala Tea,BEVERAGES,
Cold Beverages,Choose of Syrup,Salted Caramel Syrup @50,BEVERAGES,
Hot Beverages,Hot Tea,Morning Breakfast Tea,BEVERAGES,
Cold Beverages,Choose of Milk,Almond Milk @50,BEVERAGES,
Cold Beverages,Choose of Extra Shot - 50,Extra Shot - Kenya Single Estate,BEVERAGES,
Desserts,Gelato,Espresso Double Scoop,GELATO,
Combos,Veg Combo,Caramel + The Ultimate Trail Mix,COMBO,
Cold Beverages,Island Special-Cold,Freddo Espresso Ristretto-Lrg,BEVERAGES,
Combos,Veg Combo,Cookie And Cream + The Ultimate Trail Mix,COMBO,
Combos,Non-Veg Combo,Non Veg Melt & Iced Latte Combo,COMBO,
Main Course,Hand Made Sandwiches,Mushroom & Scrambled Egg White Broccomole Bagel,FOOD,
Desserts,Gelato,Mango Sorbet Double Scoop,GELATO,
Combos,Veg Combo,Melt Veg & Iced Latte Combo,COMBO,
Desserts,Gelato,French Vanilla Double Scoop,GELATO,
Main Course,Pasta,Peperoncino Spaghetti Aglio Olio,FOOD,
Desserts,Gelato,Belgian Chocolate Double Scoop,GELATO,
Cold Beverages,Granita,Slushed Pineapple Mango Sunshine Granita-Lrg,BEVERAGES,
Desserts,Gelato,Belgian Chocolate Singal Scoop,GELATO,
Desserts,Gelato,Espresso Single Scoop,GELATO,
Desserts,Gelato,French Vanilla Single Scoop,GELATO,
Cold Beverages,Choose of Extra Shot - 50,Extra Shot - Kenya Blend,BEVERAGES,
Hot Beverages,Island Special-Hot,Spanish Bombon (Small),BEVERAGES,
Combos,Non-Veg Combo,Non Veg Pasta & Dessert Combo,COMBO,
Cold Beverages,Granita,Slushed Peach Paradise Granita-Med,BEVERAGES,
Combos,Veg Combo,French Butter Croissant  With Hot Cappucino,COMBO,
Main Course,Hand Made Sandwiches,Roasted Turkey Tomato & Cheese Croissant,FOOD,
Desserts,Gelato,Dark Chocolate SSC Singal Scoop,GELATO,
Cold Beverages,Granita,Slushed Peach Paradise Granita-Lrg,BEVERAGES,
Combos,Veg Combo,Parker Hosue Cream Pie Croissant With Hot Cappucino,COMBO,
Cold Beverages,Granita,Slushed Pineapple Mango Sunshine Granita-Med,BEVERAGES,
Main Course,Pasta,Rich Meatball Spaghetti,FOOD,
Cold Beverages,Granita,Slushed Strawberry Granita-Lrg,BEVERAGES,
Main Course,Pasta,Classic Creamy Mac & Cheese,FOOD,
Main Course,Hand Made Sandwiches,Roasted Tomato & Bocconcini Croissant,FOOD,
Combos,Veg Combo,Espresso + The Ultimate Trail Mix,COMBO,
Desserts,Gelato,Dark Chocolate SSC Double Scoop,GELATO,
Cold Beverages,Granita,Slushed Strawberry Granita-Med,BEVERAGES,
Desserts,Gelato,Mango Sorbet Singal Scoop,GELATO,
Cold Beverages,Choose of Beans,Kenya Blend @25,BEVERAGES,
Cold Beverages,Choose of Beans,Master Blend @0,BEVERAGES,
Desserts,Gelato,White Chocolate Baileys Singal Scoop,GELATO,
Combos,Non-Veg Combo,Non Veg Toastie & Islander Cold Coffee Combo,COMBO,
Main Course,Hand Made Sandwiches,Garlic Mushroom & Caramelized Onion Melt,FOOD,
Cold Beverages,Choose of Beans,Volcano Blend 36g- (Default),BEVERAGES,
Cold Beverages,Island Special-Cold,Freddo Cappuccino-Lrg,BEVERAGES,
Cold Beverages,Choose of Beans,Kenya Single Estate @50,BEVERAGES,
Main Course,Pizza,Roasted Tomato Basil Bocconcini Pide,FOOD,
Snacks,Trail Mix,Chocolate Cashew,RETAIL,
Desserts,Desserts,Belgian Chocolate Fudge Brownie,DESSERT,
Main Course,Pizza,Chipotle Chicken Mozzarella Pide,FOOD,
Cold Beverages,Choose of Milk,Oat Milk @50,BEVERAGES,
Cold Beverages,Cold Brews,Iced Latte Signature-Med,BEVERAGES,
Snacks,Trail Mix,Masala Cashew,RETAIL,
ADDON,Choice of Beans,Ethiopia Blend @35,BEVERAGES,
Cold Beverages,Choice of Extra Shot - 50,Extra Shot - Ethiopia Blend,BEVERAGES,
ADDON,Choice of Milk,Oat Milk @50,BEVERAGES,
Merch,Water Bottle,Ebony Islander Bottle (Matt Black),BEVERAGES,
Quick Bites,Croissant Cookie & Muffin,Sea Salt Caramel Brookie,FOOD,
Value Combos (upto 40% off),Cold Value Combos (upto 40% off),Peperoncino Spaghetti Aglio Olio with Cold Coffee (DI),COMBO,
ADDON,Choice of Milk,Regular - Milk -130g Default,BEVERAGES,
ADDON,Choice of Milk,Regular - Milk -90g Default,BEVERAGES,
ADDON,Choice of Milk,Regular - Milk -140g Default,BEVERAGES,
ADDON,Choice of Beans,Kenya Blend @35,BEVERAGES,
Hot Beverages,Hot Brews,Hot Latte Signature-reg,BEVERAGES,
ADDON,Choice of Beans,Volcano Blend (Default),BEVERAGES,
Breakfast Specials (Make your own),Breakfast Specials (Make your own),Breakfast Specials 2.0,COMBO,
Beans & Powder,Instant Coffee,Instant Classic Coffee Jar 50gm,RETAIL,
Cold Beverages,Refresh,Bobastic Peach Paradise Refresh Tea-Med,BEVERAGES,
Quick Bites,Puff & Toastie,Korean Garlic Mushroom Puff,FOOD,
Value Combos (upto 40% off),Hot Value Combos (upto 40% off),Chipotle Chicken With Broccomole with Hot Coffee (DI),COMBO,
Main Course,Wholesome Wrap,Smoked Cottage Cheese Wrap,FOOD,
Cold Beverages,Cold Brews,Bobastic Coconut Matcha,BEVERAGES,
Quick Bites,Pops,Korean Pop - Potato,FOOD,
Value Combos (upto 40% off),Hot Value Combos (upto 40% off),Peperoncino Spaghetti Aglio Olio with Hot Coffee (DI),COMBO,
Value Combos (upto 40% off),Hot Value Combos (upto 40% off),Roasted Tomato & Bocconcini Croissant with Hot Coffee (DI),COMBO,
ADDON,Choice of Beans,Ethiopia Single Estate 15g@0,BEVERAGES,
Hot Beverages,Hot Brews,Espresso (Single),BEVERAGES,
Hot Beverages,Hot Brews,Ibrik Coffee,BEVERAGES,
Desserts,Desserts,Cold Brew Tiramisu,FOOD,
Hot Beverages,Hot Chocolate,Guilt-Free Hot Chocolate-Reg,BEVERAGES,
Hot Beverages,Hot Chocolate,Signature Belgian Dark Hot Chocolate-reg,BEVERAGES,
Cold Beverages,Island Special-Cold,Orange Bumble Coffee,BEVERAGES,
Quick Bites,Puff & Toastie,Korean Bun,FOOD,
Hot Beverages,Hot Tea,Chamomile Sunset Classic Tea,BEVERAGES,
ADDON,Choice of Milk,Almond Milk @50,BEVERAGES,
Hot Beverages,Hot Brews,Americano-reg,BEVERAGES,
Main Course,Rice Bowl,Chipotle Chicken Broccomole Rice Bowl,FOOD,
ADDON,Choice of Milk,Regular - Milk -60g Default,BEVERAGES,
Value Combos (upto 40% off),Cold Value Combos (upto 40% off),Cottage Cheese Fajita With Broccomole with Cold Coffee (DI),COMBO,
Quick Bites,Croissant Cookie & Muffin,French Butter Croissant,FOOD,
Hot Beverages,Hot Brews,Cappuccino-reg,BEVERAGES,
Hot Beverages,Alternative Brews,Chemex,BEVERAGES,
Desserts,Desserts,Choco Fudge Delight,FOOD,
ADDON,Choice of Beans,Kenya Single Estate @75,BEVERAGES,
ADDON,Choice of Beans,Master Blend - (Default),BEVERAGES,
ADDON,Choice of Milk,Regular - Milk -160g Default,BEVERAGES,
Cold Beverages,Island Special-Cold,Freddo Cappuccino-Med,BEVERAGES,
ADDON,Choice of Beans,Master Blend @0,BEVERAGES,
Cold Beverages,Island Special-Cold,Java Chip Killer-Medium,BEVERAGES,
Ready To Drink,Cold Brew,500 Ml Water Bottle,BEVERAGES,
Emp Meal,Emp Meal,Emp Meal,EMP MEAL,
Desserts,Desserts,Pecan & Date Tea Cake,FOOD,
Main Course,Hand Made Sandwiches,Cheesy Meatball Melt,FOOD,
ADDON,Choice of Milk,Skimmed Milk @50,BEVERAGES,
Cold Beverages,Milk Shake,Double Chocolate Indulgent Milkshake-Med,BEVERAGES,
ADDON,Choice of Crema,Salted Caramel Crema - 0  (Default),BEVERAGES,
Value Combos (upto 40% off),Cold Value Combos (upto 40% off),Sriracha Chicken & Avocado Wrap with Cold Coffee (DI),COMBO,
Hot Beverages,Hot Brews,Flat White,BEVERAGES,
Quick Bites,Puff & Toastie,Herb Infused Roasted Chicken Toastie,FOOD,
Hot Beverages,Island Special-Hot,Mocha Espressione Hot-reg,BEVERAGES,
Cold Beverages,Cold Brews,Bobastic Coffeeccino-Med,BEVERAGES,
ADDON,Choice of Syrup,Irish Syrup @50,BEVERAGES,
Cold Beverages,Cold Brews,Islander Cold Coffee-Med,BEVERAGES,
Cold Beverages,Cold Brews,Iced Americano-Med,BEVERAGES,
Cold Beverages,Island Special-Cold,Mocha Espressione Cold-Med,BEVERAGES,
ADDON,Choice of Milk,Regular - Milk -120g Default,BEVERAGES,
ADDON,Choice of Milk,Regular - Milk -150g Default,BEVERAGES,
Quick Bites,Croissant Cookie & Muffin,Rocky Road & Pecan Muffin,FOOD,
Snacks,Trail Mix,The Ultimate  Sweet Crunchy Nut Mix,RETAIL,
Cold Beverages,Overnight Brew,Prebiotic Fizz,BEVERAGES,
Cold Beverages,Cold Brews,Fizzy Espressione (Tonic Water),BEVERAGES,
Cold Beverages,Overnight Brew,Overnite Espresso Classic Brew,BEVERAGES,
Desserts,Desserts,Nolen Gur Banoffee Jar,FOOD,
ADDON,Choice of Sauce,Chocolate Sauce @50,BEVERAGES,
Quick Bites,Puff & Toastie,Peri Peri Cheese Toastie,FOOD,
Hot Beverages,Hot Chocolate,Hazelnut Indulgent Hot Chocolate-Reg,BEVERAGES,
Beans & Powder,Beans,Global Blend Kenya (Beans),RETAIL,
Beans & Powder,Beans,Global Blend Ethiopia (Beans),RETAIL,
Beans & Powder,Beans,Single Estate Kenya (Beans),RETAIL,
Cold Beverages,Overnight Brew,Overnite Espresso Brew (Tonic Water),BEVERAGES,
ADDON,Choice of Syrup,Hazelnut Syrup @50,BEVERAGES,
Merch,Sipper,Islander Flask (Pink),RETAIL,
Cold Beverages,Choice of Extra Shot - 50,Extra Shot - Master Blend,BEVERAGES,
Combos,Combo,Cookie & Brownie Upgrade Gelato Single Scoop,COMBO,
ADDON,Choice of Syrup,Salted Caramel Syrup @50,BEVERAGES,
Ready To Drink,Iced Tea,Peach Ice Tea,BEVERAGES,
Main Course,Hand Made Sandwiches,Fried Chicken Flaky Burger,FOOD,
Cold Beverages,Special Brews,Nitro Bubble Brew-Prebiotic Fizz,BEVERAGES,
Value Combos (upto 40% off),Cold Value Combos (upto 40% off),Roasted Tomato & Bocconcini Croissant with Cold Coffee (DI),COMBO,
Value Combos (upto 40% off),Hot Value Combos (upto 40% off),Smoked Cottage Cheese Wrap with Hot Coffee (DI),COMBO,
Desserts,Chocolate,Hazelnut Hour Chocolate,FOOD,
Main Course,Pasta,Roasted Chicken Mac & Cheese,FOOD,
Merch,Cup,Islander Classic Cup (Green),RETAIL,
Cold Beverages,Refresh,Valencia Orange Fresh Juice,BEVERAGES,
Main Course,Rice Bowl,Cottage Cheese Fajita Broccomole Rice Bowl,FOOD,
Value Combos (upto 40% off),Cold Value Combos (upto 40% off),Smoked Cottage Cheese Wrap with Cold Coffee (DI),COMBO,
Cold Beverages,Cold Brews,The Long Pour,BEVERAGES,
Cold Beverages,Cold Brews,Vietnamese Matcha,BEVERAGES,
Main Course,Wholesome Wrap,Sriracha Chicken & Avocado Wrap,FOOD,
Desserts,Desserts,Tiramisu Paris-Brest,FOOD,
Desserts,Chocolate,Orange Haze Chocolate,FOOD,
Quick Bites,Puff & Toastie,Herb Chicken Open Puff,FOOD,
Beans & Powder,Pour Over,Pourover Assorted Box Of 5 Sachets,RETAIL,
Hot Beverages,Hot Chocolate,Hazelnut Indulgent Hot Chocolate,BEVERAGES,
Desserts,Desserts,Belgian Chocolate Fudge Brownie,FOOD,
Value Combos (upto 40% off),Hot Value Combos (upto 40% off),Flaky Fried Chicken Burger with Cappuccino,COMBO,
Value Combos (upto 40% off),Hot Value Combos (upto 40% off),Roasted Tomato & Bocconcini Croissant with Latte,COMBO,
Desserts,Gelato,Dark Chocolate Single Scoop,FOOD,
Hot Beverages,Island Special-Hot,Mocha Espressione Hot,BEVERAGES,
Hot Beverages,Hot Brews,Hot Latte Signature,BEVERAGES,
Desserts,Gelato,Belgian Chocolate Single Scoop,FOOD,
Merch,Mug,Islander Ivory Mug,RETAIL,
Cold Beverages,Overnight Brew,Overnite Espresso Vietnamese Brew,BEVERAGES,
Cold Beverages,Special Brews,Nitro Bubble Brew (Watermelon Prebiotic),BEVERAGES,
Hot Beverages,Hot Brews,Cappuccino,BEVERAGES,
Cold Beverages,Milk Shake,Berry Burst Paradise Milkshake,BEVERAGES,
Value Combos (upto 40% off),Hot Value Combos (upto 40% off),Sriracha Chicken & Avocado Wrap with Latte,COMBO,
Cold Beverages,Island Special-Cold,Java Chip Killer,BEVERAGES,
Breakfast Specials (Make your own),Breakfast Specials (Make your own),Herb Chicken Open Puff with Hot Latte Signature,COMBO,
Hot Beverages,Alternative Brews,Island Pour Over,BEVERAGES,
Value Combos (upto 40% off),Cold Value Combos (upto 40% off),Cottage Cheese Fajita With Broccomole with Iced Latte Signature,COMBO,
Hot Beverages,Hot Brews,Americano,BEVERAGES,
Breakfast Specials (Make your own),Breakfast Specials (Make your own),Belgian Chocolate Fudge Brownie with Iced Latte Signature,COMBO,
Value Combos (upto 40% off),Cold Value Combos (upto 40% off),Cottage Cheese Fajita With Broccomole with Islander Cold Coffee,COMBO,
Cold Beverages,Island Special-Cold,Mocha Espressione Cold,BEVERAGES,
Value Combos (upto 40% off),Hot Value Combos (upto 40% off),Chipotle Chicken With Broccomole with Cappuccino,COMBO,
Cold Beverages,Refresh,Bobastic Apple Mint Green Tea,BEVERAGES,
Value Combos (upto 40% off),Hot Value Combos (upto 40% off),Cottage Cheese Fajita With Broccomole with  Latte,COMBO,
Hot Beverages,Hot Chocolate,Signature Belgian Dark Hot Chocolate,BEVERAGES,
Cold Beverages,Cold Brews,Bobastic Coffeeccino,BEVERAGES,
Cold Beverages,Cold Brews,Islander Cold Coffee,BEVERAGES,
Cold Beverages,Cold Brews,Iced Americano,BEVERAGES,
Ready To Drink,Cold Coffee,Vietnamese Cold Coffee,BEVERAGES,
Cold Beverages,Cold Brews,Iced Latte Signature,BEVERAGES,
Breakfast Specials (Make your own),Breakfast Specials (Make your own),Herb Chicken Open Puff with Cappuccino,COMBO,
Breakfast Specials (Make your own),Breakfast Specials (Make your own),French Butter Croissant with Hot Latte Signature,COMBO,
Breakfast Specials (Make your own),Breakfast Specials (Make your own),French Butter Croissant with Cappuccino,COMBO,
Cold Beverages,Granita,Slushed Peach Paradise Granita,BEVERAGES,
Cold Beverages,Iced Chocolate,Guilt-Free Iced Chocolate,BEVERAGES,
Hot Beverages,Hot Chocolate,Guilt-Free Hot Chocolate,BEVERAGES,
Cold Beverages,Milk Shake,Double Chocolate Indulgent Milkshake,BEVERAGES,
Desserts,Desserts,Choco Chip Berliner,FOOD,
Cold Beverages,Iced Chocolate,Dreamy Hazelnut Iced Chocolate,BEVERAGES,
Cold Beverages,Special Brews,Nitro Bubble Brew - Classic,BEVERAGES,
Hot Beverages,Island Special-Hot,Spanish Bombon,BEVERAGES,
Hot Beverages,Hot Brews,Cortardo,BEVERAGES,
Desserts,Desserts,Double Chocochip Paris-Brest,FOOD,
Cold Beverages,Overnight Brew,Overnite Espresso Brew (Classic),BEVERAGES,
Quick Bites,Puff & Toastie,Korean Chicken Bun,FOOD,
Cold Beverages,Island Special-Cold,Freddo Cappuccino,BEVERAGES,
Value Combos (upto 40% off),Cold Value Combos (upto 40% off),Sriracha Chicken & Avocado Wrap with Islander Cold Coffee,COMBO,
Cold Beverages,Overnight Brew,Overnite Espresso Brew (Vietnamese),BEVERAGES,
Snacks,Trail Mix,Chocolate Almond,RETAIL,
Desserts,Gelato,Mango Sorbet Single Scoop,FOOD,
Value Combos (upto 40% off),Hot Value Combos (upto 40% off),Smoked Cottage Cheese Wrap with Latte,COMBO,
Value Combos (upto 40% off),Cold Value Combos (upto 40% off),Sriracha Chicken & Avocado Wrap with Iced Latte Signature,COMBO,
Value Combos (upto 40% off),Hot Value Combos (upto 40% off),Chipotle Chicken With Broccomole with Latte,COMBO,
Value Combos (upto 40% off),Cold Value Combos (upto 40% off),Flaky Fried Chicken Burger with Islander Cold Coffee,COMBO,
Value Combos (upto 40% off),Cold Value Combos (upto 40% off),Chipotle Chicken With Broccomole with Islander Cold Coffee,COMBO,
Value Combos (upto 40% off),Cold Value Combos (upto 40% off),Smoked Cottage Cheese Wrap with Iced Latte Signature,COMBO,
Breakfast Specials (Make your own),Breakfast Specials (Make your own),Basil & Oven Dried Tomato Pinwheel with Hot Latte Signature,COMBO,
Desserts,Gelato,French Vanilla Double Scoop,FOOD,
Emp_Bev,Emp_Bev,Latte(emp),EMP MEAL,
Breakfast Specials (Make your own),Breakfast Specials (Make your own),Herb Chicken Open Puff with Iced Latte Signature,COMBO,
Value Combos (upto 40% off),Hot Value Combos (upto 40% off),Smoked Cottage Cheese Wrap with Cappuccino,COMBO,
Value Combos (upto 40% off),Hot Value Combos (upto 40% off),Peperoncino Spaghetti Aglio Olio with Cappuccino,COMBO,
Cold Beverages,Cold Brews,Bobastic Passionfruit Green Tea,BEVERAGES,
Breakfast Specials (Make your own),Breakfast Specials (Make your own),Belgian Chocolate Fudge Brownie with Hot Latte Signature,COMBO,
Desserts,Gelato,French Vanilla Single Scoop,FOOD,
Value Combos (upto 40% off),Cold Value Combos (upto 40% off),Flaky Fried Chicken Burger with Iced Latte Signature,COMBO,
Value Combos (upto 40% off),Cold Value Combos (upto 40% off),Peperoncino Spaghetti Aglio Olio with Islander Cold Coffee,COMBO,
Cold Beverages,Cold Brews,Gelato Affogato,BEVERAGES,
Emp_Bev,Emp_Bev,Iced Latte(emp),EMP MEAL,
Emp_Bev,Emp_Bev,Slushed Peach Paradise(emp),EMP MEAL,
Cold Beverages,Refresh,Bobastic Peach Paradise Refresh Tea,BEVERAGES,
Cold Beverages,Island Special-Cold,Freddo Espresso Ristretto,BEVERAGES,
Value Combos (upto 40% off),Hot Value Combos (upto 40% off),Cottage Cheese Fajita With Broccomole with Cappuccino,COMBO,
Merch,Diary,Recyclable Island Notebook,RETAIL,
Value Combos (upto 40% off),Hot Value Combos (upto 40% off),Garlic Mushroom & Caramelized Onion Melt with Cappuccino,COMBO,
Breakfast Specials (Make your own),Breakfast Specials (Make your own),Basil & Oven Dried Tomato Pinwheel with Cappuccino,COMBO,
Quick Bites,Pops,Korean Pop - Paneer,FOOD,
Snacks,Trail Mix,Hazelnut Chocolate Shots,RETAIL,
Cold Beverages,Iced Chocolate,Hazelnut Iced Chocolate,BEVERAGES,
Value Combos (upto 40% off),Cold Value Combos (upto 40% off),Smoked Cottage Cheese Wrap with Islander Cold Coffee,COMBO,
Value Combos (upto 40% off),Hot Value Combos (upto 40% off),Roasted Turkey Tomato & Cheese Croissant with Cappuccino,COMBO,
Cold Beverages,Special Brews,Nitro Bubble Brew (Watermelon Prebiotic Fizz),BEVERAGES,
Beans & Powder,Beans,Single Estate Ethiopia (Beans),RETAIL,
Beans & Powder,Beans,Volcano Blend (Beans),RETAIL,
Desserts,Chocolate,Mango Menace Chocolate,FOOD,
Hot Beverages,Hot Brews,Espresso,BEVERAGES,
Value Combos (upto 40% off),Hot Value Combos (upto 40% off),Flaky Fried Chicken Burger with Latte,COMBO,
Hot Beverages,Hot Chocolate,Hazelnut Hot Chocolate,BEVERAGES,
Cold Beverages,Proffees (Protein + Coffee),Cookie & Cream Proffee (Protein + Coffee),BEVERAGES,
Hot Beverages,Hot Brews,Machiato,BEVERAGES,
Hot Beverages,Alternative Brews,Aero Press,BEVERAGES,
Cold Beverages,Iced Chocolate,Classic Iced Chocolate,BEVERAGES,
ADDON,Choice Ice Cream,Vanilla Ice Cream @50,BEVERAGES,
Beans & Powder,Instant Coffee,Instant Coffee - Flavored (30 sachet box),RETAIL,
Quick Bites,Puff & Toastie,Basil & Oven Dried Tomato Pinwheel,FOOD,
Value Combos (upto 40% off),Cold Value Combos (upto 40% off),Roasted Tomato Basil Bocconcini Pide with Islander Cold Coffee,COMBO,
Merch,Tote Bag,Island's Tote Bag.,RETAIL,
Merch,Water Bottle,Islander Black Water Bottle,BEVERAGES,
Merch,Candle,Islander Rose Lume,RETAIL,
Gift Box,Diwali Gift Box,Diwali Gift Box,RETAIL,
Desserts,Chocolate,Rose Pistachio Chocolate,FOOD,
Value Combos (upto 40% off),Hot Value Combos (upto 40% off),Roasted Turkey Tomato & Cheese Croissant with Latte,COMBO,
ADDON,Choice of Milk,Regular - Milk -100g Default,BEVERAGES,
Breakfast Specials (Make your own),Breakfast Specials (Make your own),Basil & Oven Dried Tomato Pinwheel with Iced Latte Signature,COMBO,
Breakfast Specials (Make your own),Breakfast Specials (Make your own),French Butter Croissant with Iced Latte Signature,COMBO,
Cold Beverages,Iced Chocolate,Island's Choco Joy - Cold,BEVERAGES,
Merch,Sipper,Islander Flask (Green),RETAIL,
Breakfast Specials (Make your own),Breakfast Specials (Make your own),Belgian Chocolate Fudge Brownie with Cappuccino,COMBO,
Value Combos (upto 40% off),Cold Value Combos (upto 40% off),Roasted Chicken Mac & Cheese with Islander Cold Coffee,COMBO,
Merch,Cup,Islander Classic Cup (Brown),RETAIL,
Snacks,Trail Mix,Masala Almond,RETAIL,
Cold Beverages,Choice of Extra Shot - 50,Extra Shot - Ethiopia Single Estate,BEVERAGES,
Merch,Hoodie,Islander Vibes Hoodie (XXL),RETAIL,
Beans & Powder,Instant Coffee,Instant Classic Coffee Jar 100gm,RETAIL,
Merch,Unisex T-shirt,Unisex T-Shirt (White) Small,RETAIL,
Hot Beverages,Hot Chocolate,Island's Choco Joy - Hot,BEVERAGES,
Snacks,Trail Mix,The Ultimate Trail Mix,RETAIL,
Cold Beverages,Refresh,Guava Juice,BEVERAGES,
Emp_Bev,Emp_Bev,Morning Breakfast(emp),EMP MEAL,
Breakfast Specials (Make your own),Breakfast Specials (Make your own),Basil & Oven Dried Tomato Pinwheel with Americano,COMBO,
Merch,Water Bottle,Islander Blue Water Bottle,BEVERAGES,
Value Combos (upto 40% off),Cold Value Combos (upto 40% off),Chipotle Chicken With Broccomole with Iced Latte Signature,COMBO,
Value Combos (upto 40% off),Cold Value Combos (upto 40% off),Peperoncino Spaghetti Aglio Olio with  Iced Latte Signature,COMBO,
Value Combos (upto 40% off),Hot Value Combos (upto 40% off),Peperoncino Spaghetti Aglio Olio with Latte,COMBO,
Ready To Drink,Cold Coffee,Irish Cold Coffee,BEVERAGES,
Beans & Powder,Instant Coffee,Instant Coffee – Classic (30 sachet box),RETAIL,
Value Combos (upto 40% off),Hot Value Combos (upto 40% off),Chipotle Chicken Mozzarella Pide with Cappuccino,COMBO,
Snacks,Trail Mix,Coffee Almond Shots,RETAIL,
Value Combos (upto 40% off),Cold Value Combos (upto 40% off),Roasted Tomato & Bocconcini Croissant with Iced Latte Signature,COMBO,
Cold Beverages,Proffees (Protein + Coffee),Classic Proffee (Protein + Coffee),BEVERAGES,
Merch,Mug,Islander Black Travel Mug,RETAIL,
Emp_Bev,Emp_Bev,Gelato Affagato (emp),EMP MEAL,
Value Combos (upto 40% off),Hot Value Combos (upto 40% off),Roasted Tomato & Bocconcini Croissant with Cappuccino,COMBO,
Merch,Water Bottle,Islander Duo cap Black Bottle,BEVERAGES,
Merch,Sipper,Islander Navy Blue Short Sipper,RETAIL,
Merch,Hoodie,Islander Vibes Hoodie (XL),RETAIL,
Breakfast Specials (Make your own),Breakfast Specials (Make your own),French Butter Croissant with Americano,COMBO,
Merch,Sipper,Islander Black Sipper,RETAIL,
Merch,Sipper,Islander White Sipper Gloss,RETAIL,
Value Combos (upto 40% off),Cold Value Combos (upto 40% off),Roasted Tomato & Bocconcini Croissant with Islander Cold Coffee,COMBO,
Desserts,Chocolate,Roasted Almond Chocolate,FOOD,
Value Combos (upto 40% off),Hot Value Combos (upto 40% off),Roasted Chicken Mac & Cheese with Cappuccino,COMBO,
Value Combos (upto 40% off),Cold Value Combos (upto 40% off),Roasted Turkey Tomato & Cheese Croissant with Iced Latte Signature,COMBO,
Value Combos (upto 40% off),Hot Value Combos (upto 40% off),Roasted Tomato Basil Bocconcini Pide with Cappuccino,COMBO,
Emp_Bev,Emp_Bev,Chamomile Sunset Classic(emp),EMP MEAL,
Merch,Unisex T-shirt,Unisex T-Shirt (Red) XXL,RETAIL,
Cold Beverages,Choice of Extra Shot - 50,Extra Shot - Volcano Blend,BEVERAGES,
Merch,Unisex T-shirt,Unisex T-Shirt (White) Large,RETAIL,
Merch,Unisex T-shirt,Unisex T-Shirt (Blue) Large,RETAIL,
Merch,Unisex T-shirt,Unisex T-Shirt  (Red) Large,RETAIL,
Desserts,Gelato,Dark Chocolate Double Scoop,FOOD,
ADDON,Choice of Beans,Kenya Single Estate 15g @0,BEVERAGES,
ADDON,Choice of Beans,Ethiopia Single Estate @75,BEVERAGES,
Cold Beverages,Cold Brews,Bobastic Apple Green Tea,BEVERAGES,
Cold Beverages,Milk Shake,Berry Burst Paradise Milkshake-Med,BEVERAGES,
ADDON,Choice of Crema,Salted Caramel Crema @50,BEVERAGES,
Cold Beverages,Iced Chocolate,Classic Iced Chocolate-Med,BEVERAGES,
Cold Beverages,Special Brews,Nitro Bubble Brew-Classic,BEVERAGES,
Hot Beverages,Hot Brews,Machiato (Single),BEVERAGES,
Cold Beverages,Iced Chocolate,Guilt-Free Iced Chocolate-Med,BEVERAGES,
ADDON,Choice of Beans,Volcano Blend@0,BEVERAGES,
Cold Beverages,Island Special-Cold,Freddo Espresso Ristretto-Med,BEVERAGES,
ADDON,Choice of Boba,Coffee Popping Boba - 50,BEVERAGES,
ADDON,Choice of Milk,Regular - Milk -110g Default,BEVERAGES,
ADDON,Choice of Beans,Volcano Blend 15g@0,BEVERAGES,
Breakfast Specials (Make your own),Breakfast Specials (Make your own),Herb Chicken Open Puff with Americano,COMBO,
Breakfast Specials (Make your own),Breakfast Specials (Make your own),Belgian Chocolate Fudge Brownie with Americano,COMBO,
Cold Beverages,Food Sampling for Microsoft/Compass,Regular Milk @160ML,BEVERAGES,
Merch,Sipper,Islander Flask (Brown),RETAIL,
Merch,Mug,Islander Mug (Pink),RETAIL,
Merch,Sipper,Islander Grey Glass Sipper Bottle,RETAIL,
Merch,Unisex T-shirt,Unisex T-Shirt (Blue) XXL,RETAIL,
Hot Beverages,Hot Brews,Pistachio Cappuccino,BEVERAGES,
ADDON,Choice of Milk,Regular - Milk -200g Default,BEVERAGES,
Hot Beverages,Hot Brews,Orange Hot Chocolate,BEVERAGES,
Cold Beverages,Cold Brews,Islander Pistachio Icebrew,BEVERAGES,
Cold Beverages,Cold Brews,Dubai Chocolate Cocoa,BEVERAGES,
Merch,Unisex T-shirt,Unisex T-Shirt  (Red) Med,RETAIL,
Merch,Mug,Islander Mug (Coffee),RETAIL,
Merch,Hoodie,Islander Vibes Hoodie (Med),RETAIL,
ADDON,Choice of Milk,Regular - Milk -220g Default,BEVERAGES,
ADDON,Choice of Crema,Espresso Crema @50,BEVERAGES,
Merch,Mug,Islander Mug (Green),RETAIL,
ADDON,Choice of Milk,Regular - Milk -170g Default,BEVERAGES,
ADDON,Choice of Milk,Regular - Milk -180g Default,BEVERAGES,
ADDON,Choice of Beans,Master Blend 15g@ Default,BEVERAGES,
ADDON,Choice of Milk,Soya Milk @50,BEVERAGES,
Cold Beverages,Cold Brews,Gelato Affagato,BEVERAGES,
Value Combos (upto 40% off),Hot Value Combos (upto 40% off),Cottage Cheese Fajita With Broccomole with Hot Coffee (DI),COMBO,
Cold Beverages,Iced Chocolate,Dreamy Hazelnut Iced Chocolate-Med,BEVERAGES,
Cold Beverages,Choice of Extra Shot - 50,Extra Shot - Kenya Single Estate,BEVERAGES,
Desserts,Gelato,Mango Sorbet Double Scoop,FOOD,
Value Combos (upto 40% off),Cold Value Combos (upto 40% off),Garlic Mushroom & Caramelized Onion Melt with Islander Cold Coffee,COMBO,
Merch,Water Bottle,Islander Grey Steel Bottle,BEVERAGES,
Ready To Drink,Cold Brew,Whiskey Barrel Cold Brew Coffee,BEVERAGES,
Emp_Bev,Emp_Bev,Flat White(emp),EMP MEAL,
Emp_Bev,Emp_Bev,Cappuccino(emp),EMP MEAL,
Value Combos (upto 40% off),Cold Value Combos (upto 40% off),Roasted Turkey Tomato & Cheese Croissant with Islander Cold Coffee,COMBO,
Cold Beverages,Choice of Extra Shot - 50,Extra Shot - Kenya Blend,BEVERAGES,
ADDON,Choice of Milk,Regular Milk @25,BEVERAGES,
Merch,Cup,Islander Classic Cup (Pink),RETAIL,
ADDON,Choice of Boba,Peach Popping Boba - 50,BEVERAGES,
Ready To Drink,Iced Tea,Lavender Ice Tea,BEVERAGES,
Ready To Drink,Cold Brew,Cinnamon Cold Brew Coffee,BEVERAGES,
Value Combos (upto 40% off),Hot Value Combos (upto 40% off),Roasted Turkey Tomato & Cheese Croissant with Hot Coffee (DI),COMBO,
Breakfast Specials (Make your own),Breakfast Specials (Make your own),Breakfast Specials 11To1,COMBO,
Ready To Drink,Cold Brew,Vanilla Cold Brew Coffee,BEVERAGES,
Merch,Mug,Islander Black Yellow Mug,RETAIL,
Quick Bites,Puff & Toastie,Avocado Toast,FOOD,
Emp_Bev,Emp_Bev,Iced Americano(emp),EMP MEAL,
Emp_Bev,Emp_Bev,Indian Masala(emp),EMP MEAL,
ADDON,Choice of Milk,Regular Milk @0,BEVERAGES,
ADDON,Choice of Crema,Rich Crema @50,BEVERAGES,
Value Combos (upto 40% off),Cold Value Combos (upto 40% off),Roasted Turkey Tomato & Cheese Croissant with Cold Coffee (DI),COMBO,
Value Combos (upto 40% off),Cold Value Combos (upto 40% off),Chipotle Chicken With Broccomole with Cold Coffee (DI),COMBO,
Value Combos (upto 40% off),Hot Value Combos (upto 40% off),Sriracha Chicken & Avocado Wrap with Hot Coffee (DI),COMBO,
ADDON,Choice of Beans,Ethiopia Blend 15g @0,BEVERAGES,
Quick Bites,Puff & Toastie,Avocado Toast with Eggs,FOOD,
ADDON,Choice of Boba,Passionfruit Popping Boba - 50,BEVERAGES,
Desserts,Gelato,Belgian Chocolate Double Scoop,FOOD,
ADDON,Choice of Crema,Rich Crema @0,BEVERAGES,
Cold Beverages,Refresh,Iced Apple Green Tea-Med,BEVERAGES,
Merch,Sipper,Islander White Sipper Matt,RETAIL,
Combos,Breakfast special Combo,Breakfast Special AIPL,COMBO,
Merch,Unisex T-shirt,Unisex T-Shirt (Blue) Med,RETAIL,
Cold Beverages,Proffees (Protein + Coffee),Espresso Proffee (Protein + Coffee),BEVERAGES,
Merch,Unisex T-shirt,Unisex T-Shirt (White) Med,RETAIL,
Value Combos (upto 40% off),Hot Value Combos (upto 40% off),Flaky Fried Chicken Burger  with Hot Coffee (DI),COMBO,
Cold Beverages,Special Brews,Nitro Bubble Brew-Vietnamese,BEVERAGES,
Value Combos (upto 40% off),Cold Value Combos (upto 40% off),Cheesy Meatball Melt with Islander Cold Coffee,COMBO,
Emp_Bev,Emp_Bev,Iced Classic Lemon Tea(emp),EMP MEAL,
Combos,Veg Combo,French Butter Croissant with Hot Cappuccino,COMBO,
ADDON,Choice of Beans,Kenya Blend @25,BEVERAGES,
Main Course,Rice Bowl,Cottage Cheese Fajita With Broccomole,FOOD,
Cold Beverages,Overnight Brew,Overnite Espresso Gingerale Brew,BEVERAGES,
ADDON,Choice of Beans,Ethiopia Blend @25,BEVERAGES,
Main Course,Rice Bowl,Chipotle Chicken With Broccomole,FOOD,
ADDON,Choice of Beans,Ethiopia Single Estate @50,BEVERAGES,
ADDON,Choice of Beans,Ethiopia Single Estate 20g@Default,BEVERAGES,
Desserts,Gelato,Dark Chocolate SSC Single Scoop,FOOD,
ADDON,Choice of Beans,Kenya Single Estate @50,BEVERAGES,
Desserts,Desserts,Nolen Gur Banofee Jar,FOOD,
Desserts,Gelato,Belgian Chocolate Singal Scoop,FOOD,
Combos,Veg Combo,Veg Toastie & Island Cold Coffee,COMBO,
Merch,Unisex T-shirt,Unisex T-Shirt (Red) XL,RETAIL,
Desserts,Gelato,Mango Sorbet Singal Scoop,FOOD,
Main Course,Pasta,Pepperoncino Spaghetti Aglio Olio,FOOD,
Test Hot Beverages,Test Hot Brews,Cappuccino-reg.,BEVERAGES,
ADDON,Choice of Beans,Kenya Blend 15g@0,BEVERAGES,
Value Combos (upto 40% off),Cold Value Combos (upto 40% off),Peperoncino Spaghetti Aglio Olio with Cold Coffee,COMBO,
Main Course,Hand Made Sandwiches,"Roasted Turkey, Tomato & Cheese Croissant",FOOD,
Value Combos (upto 40% off),Cold Value Combos (upto 40% off),Garlic Mushroom & Caramelized Onion Melt with Cold Coffee,COMBO,
Halloween addon,Halloween addon,Halloween Chocolate sauce,BEVERAGES,
Value Combos (upto 40% off),Cold Value Combos (upto 40% off),Chipotle Chicken With Broccomole with Cold Coffee,COMBO,
Hot Beverages,Hot Chocolate,Guilt-Free Hot Chocolate-Med,BEVERAGES,
Merch,Unisex T-shirt,Unisex T-Shirt (Blue) XL,RETAIL,
Combos,Combo,Gelato Double Scoop Upgrade Cookie & Brownie,COMBO,
Merch,Water Bottle,Ebony Islander Bottle (Matt Green),BEVERAGES,
Merch,Unisex T-shirt,Unisex T-Shirt (White) XXL,RETAIL,
Merch,Unisex T-shirt,Unisex T-Shirt (White) XL,RETAIL,
Halloween addon,Halloween addon,Halloween sprinkle,BEVERAGES,
ADDON,Choice of Beans,Ethiopia Blend 20g @0,BEVERAGES,
Desserts,Gelato,Dark Chocolate SSC Double Scoop,FOOD,
Combos,Veg Combo,Veg Pasta & Dessert Combo,COMBO,
ADDON,Choice of Crema,Espresso Crema @0,BEVERAGES,
Value Combos (upto 40% off),Cold Value Combos (upto 40% off),Smoked Cottage Cheese Wrap with Cold Coffee,COMBO,
Hot Beverages,Hot Chocolate,Signature Belgian Dark Hot Chocolate-Med,BEVERAGES,
ADDON,Choice of Beans,Volcano Blend 10g@0,BEVERAGES,
Main Course,Hand Made Sandwiches,Fried Chicken Crombollini,FOOD,
Cold Beverages,Special Brews,Nitro Bubble Brew,BEVERAGES,
Value Combos (upto 40% off),Cold Value Combos (upto 40% off),Sriracha Chicken & Avocado Wrap with Cold Coffee,COMBO,
Value Combos (upto 40% off),Cold Value Combos (upto 40% off),Flaky Fried Chicken Burger  with Cold Coffee (DI),COMBO,
Hot Beverages,Hot Chocolate,Hazelnut Indulgent Hot Chocolate-Med,BEVERAGES,
ADDON,Choice of Beans,Kenya Single Estate 20g @0,BEVERAGES,
Breakfast special,Breakfast special 2.0,Breakfast special 2.0,COMBO,
Quick Bites,Pops,Korean Pop Potato,FOOD,
Cold Beverages,Proffees (Protein + Coffee),Caremel Proffee (Protein + Coffee),BEVERAGES,
Hot Beverages,Hot Brews,Americano-Med,BEVERAGES,
Hot Beverages,Hot Brews,Cappuccino-Med,BEVERAGES,
Cold Beverages,Cold Brews,Iced Latte Signature-Lrg,BEVERAGES,
Quick Bites,Croissant Cookie & Muffin,Oats & Honey Delight Muffin,FOOD,
ADDON,Choice of Beans,Volcano Blend - (Default),BEVERAGES,
Cold Beverages,Cold Brews,Islander Cold Coffee-Lrg,BEVERAGES,
Cold Beverages,Cold Brews,Fizzy Espressione (Gingerale),BEVERAGES,
Cold Beverages,Island Special-Cold,Bumble Coffee,BEVERAGES,
Hot Beverages,Hot Brews,Hot Latte Signature-Med,BEVERAGES,
Cold Beverages,Refresh,Bobastic Raw Mango Refresh Tea-Med,BEVERAGES,
Hot Beverages,Hot Chocolate,Classic Strawberry Hot Chocolate-reg,BEVERAGES,
Quick Bites,Puff & Toastie,Chipotle Paneer Bhurji & Broccomole Toastie,FOOD,
Desserts,Desserts,Cinnamon & Jaggery Tea Cake,FOOD,
Cold Beverages,Milk Shake,Double Chocolate Indulgent Milkshake-Lrg,BEVERAGES,
Desserts,Desserts,Berry & Honey Yogurt Jar,FOOD,
Quick Bites,Croissant Cookie & Muffin,White Chocolate & Pistachio Flat Croissant,FOOD,
Quick Bites,Croissant Cookie & Muffin,Parker House Cream Pie Croissant,FOOD,
Cold Beverages,Iced Chocolate,Classic Iced Chocolate-Lrg,BEVERAGES,
Cold Beverages,Iced Chocolate,Classic Strawberry Iced Chocolate-Med,BEVERAGES,
Cold Beverages,Island Special-Cold,Java Chip Killer-Large,BEVERAGES,
Hot Beverages,Island Special-Hot,Mocha Espressione Hot-Med,BEVERAGES,
Desserts,Desserts,New York Cheesecake,FOOD,
Hot Beverages,Alternative Brews,Turkish Coffee,BEVERAGES,
Hot Beverages,Hot Brews,Espresso (Double),BEVERAGES,
Main Course,Fresh Salad,Mediterranean Quinoa Bliss Bowl,FOOD,
Cold Beverages,Milk Shake,Berry Burst Paradise Milkshake-Lrg,BEVERAGES,
Cold Beverages,Refresh,Iced Classic Lemon Tea-Med,BEVERAGES,
Quick Bites,Croissant Cookie & Muffin,Double Choco Chunk Cookie,FOOD,
Cold Beverages,Refresh,Bobastic Peach Paradise Refresh Tea-Lrg,BEVERAGES,
ADDON,Choice of Milk,Regular - Milk -210g Default,BEVERAGES,
Cold Beverages,Refresh,Bobastic Raw Mango Refresh Tea-Lrg,BEVERAGES,
Cold Beverages,Iced Chocolate,Dreamy Hazelnut Iced Chocolate-Lrg,BEVERAGES,
Merch,Unisex T-shirt CI Logo,Unisex T-Shirt CI Logo (Blue),RETAIL,
Merch,Unisex T-shirt CI Logo,Unisex T-Shirt CI Logo (Red),RETAIL,
Cold Beverages,Iced Chocolate,Guilt-Free Iced Chocolate-Lrg,BEVERAGES,
Cold Beverages,Cold Brews,Bobastic Coffeeccino-Lrg,BEVERAGES,
Cold Beverages,Refresh,Iced Classic Lemon Tea-Lrg,BEVERAGES,
Merch,Unisex T-shirt CI Logo,Unisex T-Shirt CI Logo (White),RETAIL,
Cold Beverages,Island Special-Cold,Mocha Espressione Cold-Lrg,BEVERAGES,
Main Course,Fresh Salad,Farmers Garden Salad With Basil Dressing,FOOD,
ADDON,Choice of Beans,Master Blend 20g@0,BEVERAGES,
Cold Beverages,Refresh,Iced Apple Green Tea-Lrg,BEVERAGES,
Cold Beverages,Iced Chocolate,Classic Strawberry Iced Chocolate-Lrg,BEVERAGES,
Rakhi Gift Box,Rakhi Gift Box,Rakhi Gift Box - Premium,RETAIL,
Ready To Drink,Cold Pressed Juice,Guava Juice,BEVERAGES,
Merch,Unisex T-shirt CI Logo,Unisex T-Shirt CI Logo (White) XL,RETAIL,
Merch,Unisex T-shirt CI Logo,Unisex T-Shirt CI Logo (Blue) XL,RETAIL,
Merch,Unisex T-shirt CI Logo,Unisex T-Shirt CI Logo (Red) XL,RETAIL,
Merch,Unisex T-shirt CI Logo,Unisex T-Shirt CI Logo (White) Small,RETAIL,
Merch,Unisex T-shirt CI Logo,Unisex T-Shirt CI Logo (White) Large,RETAIL,
Hot Beverages,Hot Chocolate,Classic Strawberry Hot Chocolate-Med,BEVERAGES,
Cold Beverages,Island Special-Cold,Freddo Cappuccino Espresso Crema-Med,BEVERAGES,
Merch,Unisex T-shirt CI Logo,Unisex T-Shirt CI Logo (Red) Small,RETAIL,
Cold Beverages,Refresh,Apple Beetroot Carrot Fresh Juice,BEVERAGES,
ADDON,Choice of Beans,Kenya Blend 20g@0,BEVERAGES,
Rakhi Gift Box,Rakhi Gift Box,Rakhi Gift Box - Exclusive,RETAIL,
Combos,Veg Combo,Parker House Cream Pie Croissant with Hot Cappuccino,COMBO,
Merch,Unisex T-shirt CI Logo,Unisex T-Shirt CI Logo (Blue) Med,RETAIL,
ADDON,Choice of Beans,Volcano Blend 20g@0,BEVERAGES,
Merch,Unisex T-shirt CI Logo,Unisex T-Shirt CI Logo (White) XXL,RETAIL,
ADDON,Choice of Milk,Regular - Milk -80g Default,BEVERAGES,
Cold Beverages,Island Special-Cold,Freddo Cappuccino espresso crema -Lrg,BEVERAGES,
Merch,Unisex T-shirt CI Logo,Unisex T-Shirt CI Logo (Red) Large,RETAIL,
Merch,Unisex T-shirt CI Logo,Unisex T-Shirt CI Logo (White) Med,RETAIL,
Rakhi Gift Box,Rakhi Gift Box,Rakhi Gift Box - Super Premium,RETAIL,
Merch,Unisex T-shirt CI Logo,Unisex T-Shirt CI Logo (Red) Med,RETAIL,
ADDON,Choose of Milk,Almond Milk @50,BEVERAGES,
ADDON,Choose of Milk,Regular - Milk -200g Default,BEVERAGES,
Cold Beverages,Choice of Syrup,Hazelnut Syrup @50,BEVERAGES,
Cold Beverages,Refresh,Bobastic Lemon Ginger Refresh Tea-Med,BEVERAGES,
Cold Beverages,Choice of Beans,Ethiopia Single Estate @50,BEVERAGES,
Cold Beverages,Refresh,Bobastic Lemon Ginger Refresh Tea-Lrg,BEVERAGES,
ADDON,Choose of Milk,Regular - Milk -220g Default,BEVERAGES,
ADDON,Choose of Milk,Regular - Milk -170g Default,BEVERAGES,
ADDON,Choose of Milk,Regular - Milk -130g Default,BEVERAGES,
Cold Beverages,Choice of Beans,Kenya Single Estate @50,BEVERAGES,
Merch,Tote Bag,Island' S Tote Bag,RETAIL,
Desserts,Desserts,Nolen Gur Banofee Jar,DESSERT,
ADDON,Choose of Milk,Regular - Milk -150g Default,BEVERAGES,
Desserts,Desserts,Pecan & Date Tea Cake,DESSERT,
Hot Beverages,Hot Brews,Lungo Small,BEVERAGES,
Cold Beverages,Milk Shake,Classic Cheesecake Milkshake-Med,BEVERAGES,
Desserts,Desserts,Cold Brew Tiramisu,DESSERT,
Cold Beverages,Milk Shake,Classic Cheesecake Milkshake-Lrg,BEVERAGES,
ADDON,Choose of Milk,Regular - Milk -210g Default,BEVERAGES,
Hot Beverages,Hot Brews,Mocha Cappuccino-reg,BEVERAGES,
ADDON,Choice of Beans,Volcano Blend 36g- (Default),BEVERAGES,
ADDON,Choose of Milk,Regular - Milk -160g Default,BEVERAGES,
ADDON,Choose of Milk,Regular - Milk -140g Default,BEVERAGES,
Desserts,Desserts,Cinnamon & Jaggery Tea Cake,DESSERT,
ADDON,Choose of Milk,Regular - Milk -120g Default,BEVERAGES,
ADDON,Choose of Milk,Regular - Milk -90g Default,BEVERAGES,
Cold Beverages,Refresh,Iced Peach Paradise Green Tea-Med,BEVERAGES,
Desserts,Desserts,New York Cheesecake,DESSERT,
Desserts,Desserts,Berry & Honey Yogurt Jar,DESSERT,
Cold Beverages,Iced Chocolate,Salted Caramel Iced Chocolate-Med,BEVERAGES,
Beans & Powder,Instant Coffee,Pack Of 30 Sachets Of Instant Coffee,RETAIL,
Desserts,Gelato,Dark Chocolate SSC Single Scoop,GELATO,
Beans & Powder,Instant Coffee,Assorted 30 Sachet Box Of Flavoured Instant Coffee,RETAIL,
Cold Beverages,Refresh,Iced Peach Paradise Green Tea-Lrg,BEVERAGES,
Desserts,Gelato,White Chocolate Baileys Singal Scoop,FOOD,
Hot Beverages,Hot Brews,Coffeeccino-Med,BEVERAGES,
Cold Beverages,Milk Shake,Delivery Charges,BEVERAGES,
Cold Beverages,Milk Shake,Packaging charge,BEVERAGES,
Cold Beverages,Iced Chocolate,Salted Caramel Iced Chocolate-Lrg,BEVERAGES,
Hot Beverages,Hot Brews,Mocha Cappuccino-Med,BEVERAGES,
Ready To Drink,Cold Pressed Juice,Valencia Orange Juice,BEVERAGES,
Combos,Veg Combo,Veg Toastie With Hot Machiato,COMBO,
Merch,Water Bottle,Island Cares - Bamboo Bottle,BEVERAGES,
Hot Beverages,Hot Tea,Butterfly Pea With Lemon Grass Tea,BEVERAGES,
Ready To Drink,Cold Pressed Juice,Apple Beetroot Carrot Juice,BEVERAGES,
Merch,Hoodie,Islander Vibes Hoodie (XXXL),RETAIL,
Merch,Unisex T-shirt,Unisex T-Shirt (Blue) Small,RETAIL,
Desserts,Desserts,Chocolate Truffle Pastry,FOOD,
Cold Beverages,Island Special-Cold,Freddo Cappuccino Rich Cream -Lrg,BEVERAGES,
Test Hot Beverages,Test Hot Brews,Cappuccino test,BEVERAGES,
Merch,Men's T-Shirt CI Logo,Unisex T-Shirt CI Logo (White),RETAIL,
Merch,Men's T-Shirt CI Logo,Unisex T-Shirt CI Logo (Blue),RETAIL,
Cold Beverages,Special Brews,Prebiotic Fizz,BEVERAGES,
Hot Beverages,Hot Brews,Coffeeccino-reg,BEVERAGES,
Hot Beverages,Hot Brews,Lungo Reg,BEVERAGES,
Cold Beverages,Milk Shake,Regular Milk 95L@0,BEVERAGES,
Hot Beverages,Hot Chocolate,Dreamy Salted Caramel Hot Chocolate-Med,BEVERAGES,
Hot Beverages,Hot Chocolate,Dreamy Salted Caramel Hot Chocolate-Reg,BEVERAGES,
Merch,Hoodie,Islander Vibes Hoodie (Large),RETAIL,
Main Course,Pasta,Three-Cheese Mac - Veg,FOOD,
Small Plates,Toasties,Akuri Toast,FOOD,
Main Course,Pasta,Spaghetti Aglio Olio - Chicken,FOOD,
Cold Beverages,Smoothie,Alphanso Mango Smoothies,BEVERAGES,
Main Course,Pasta,Spaghetti Aglio Olio - Veg,FOOD,
Cold Beverages,Smoothie,Berry Blast Smoothies,BEVERAGES,
Cold Beverages,Mojito,Fresh Mint,BEVERAGES,
Desserts,Desserts,New York–Style Cheesecake - Berry,FOOD,
Small Plates,Sandwich,Italian Caprese,FOOD,
Small Plates,Sandwich,Chilli Cheese Mushroom Melt,FOOD,
Main Course,Rice Bowl,Mexican Rice Bowl - Paneer,FOOD,
Main Course,Pasta,Italian Arrabbiata Penne - Veg,FOOD,
Cold Beverages,Mojito,Orange Spark,BEVERAGES,
Small Plates,Toasties,Islander Avo Broc Toast,FOOD,
Food,Sides,Cheesy Garlic Bread,FOOD,
Food,Sides,Korean Spicy Fries,FOOD,
Desserts,Desserts,Mascarpone Tiramisu,FOOD,
Main Course,Rice Bowl,Asian Hot Garlic Rice Bowl - Paneer,FOOD,
Food,All Day Breakfast,Islander Eggs - Your Way (Omelette),FOOD,
Desserts,Desserts,The Walnut Date Teacake,FOOD,
Food,All Day Breakfast,The Islander Veg Breakfast Plate,FOOD,
Main Course,Rice Bowl,Mexican Rice Bowl - Chicken,FOOD,
Food,Sides,Truffle & Parmesan Fries,FOOD,
Desserts,Desserts,New York–Style Cheesecake - Nutella,FOOD,
Small Plates,Sandwich,Chilli Cheese Brioche Melt,FOOD,
Desserts,Desserts,Almond Pistachio Croissant,FOOD,
Small Plates,Toasties,Islander Mexi-Bean Toast,FOOD,
Main Course,Pizza,Smoky Chipotle Chicken Pide,FOOD,
Food,All Day Breakfast,Islander Masala Omelette,FOOD,
Desserts,Desserts,Chocolate Fudge Brownie,FOOD,
Food,Sides,Loaded Nachos - Veg,FOOD,
Food,All Day Breakfast,Decedant French Toast - Berry,FOOD,
Food,Sides,Classic Fries,FOOD,
Food,Sides,Café Nacho Trio,FOOD,
Main Course,Pasta,Italian Arrabbiata Penne - Chicken,FOOD,
Sides,Sides,Cheesy Garlic Bread,FOOD,
All Day Breakfast,Toasties,Islander Avo Broc Toast,FOOD,
All Day Breakfast,Toasties,Akuri Toast,FOOD,
Small Plates,Sandwich,Paprika Chicken Melt,FOOD,
All Day Breakfast,All Day Breakfast,Fluffy Café Pancakes - Nutella,COMBO,
Main Course,Sandwich,Ham & Cheese Brioche Melt,FOOD,
Small Plates,Toasties,Islander Avo Broc Egg Toast,FOOD,
All Day Breakfast,All Day Breakfast,Islander Eggs - Your Way (Omelette),COMBO,
Main Course,Sandwich,Chilli Cheese Mushroom Melt,FOOD,
Main Course,Sandwich,Pomodoro Meatball Melt,FOOD,
Sides,Sides,Loaded Nachos - Veg,FOOD,
Main Course,Sandwich,Chilli Cheese Brioche Melt,FOOD,
Main Course,Pasta,Three-Cheese Mac - Chicken,FOOD,
Sides,Sides,Cheesy Fries,FOOD,
Main Course,Sandwich,Italian Caprese,FOOD,
Sides,Sides,Truffle & Parmesan Fries,FOOD,
All Day Breakfast,All Day Breakfast,Fluffy Café Pancakes - Berry,COMBO,
Cold Beverages,Island Special-Cold,Iced Vietnamese Shakerato,BEVERAGES,
Desserts,Desserts,French Pain Au Chocolat,FOOD,
Sides,Sides,Korean Spicy Fries,FOOD,
All Day Breakfast,All Day Breakfast,Decadant French Toast - Nutella,COMBO,
All Day Breakfast,All Day Breakfast,Decadant French Toast - Classic Maple,COMBO,
All Day Breakfast,All Day Breakfast,Islander Eggs - Your Way (Fried Eggs),COMBO,
Main Course,Sandwich,Paprika Chicken Melt,FOOD,
All Day Breakfast,All Day Breakfast,Islander Masala Omelette,COMBO,
Sides,Sides,Loaded Nachos - Chicken,FOOD,
Cold Beverages,Mojito,Zesty Mango,BEVERAGES,
All Day Breakfast,All Day Breakfast,The Islander Veg Breakfast Plate,COMBO,
All Day Breakfast,All Day Breakfast,Fluffy Café Pancakes - Classic Maple,COMBO,
All Day Breakfast,All Day Breakfast,Islander Eggs - Your Way (Boiled Eggs),COMBO,
Cold Beverages,Smoothie,Forest Berry Iced smoothie,BEVERAGES,
All Day Breakfast,All Day Breakfast,Islander Breakfast Burrito - Paneer & Avocado,COMBO,
Cold Beverages,Smoothie,Avocado Smoothies,BEVERAGES,
All Day Breakfast,All Day Breakfast,Islander Breakfast Burrito - Chicken,COMBO,
Hot Beverages,Hot Brews,Cortado,BEVERAGES,
All Day Breakfast,Toasties,Islander Mex-Bean Toast,FOOD,
Sides,Sides,Café Nacho Trio,FOOD,
All Day Breakfast,All Day Breakfast,Islander Eggs - Your Way (Scrambled),COMBO,
Cold Beverages,Mojito,Dark Berry,BEVERAGES,
All Day Breakfast,All Day Breakfast,Decadant French Toast - Berry,COMBO,
Sides,Sides,Classic Fries,FOOD,
Main Course,Pizza,Mediterranean Bocconcini Pide,FOOD,
Main Course,Sandwich,Roasted Tomato & Bocconcini Croissant(!),FOOD,
Hot Beverages,Hot Brews,Macchiato,BEVERAGES,
Emp_Bev,Emp_Bev,Gelato Affogato (emp),EMP MEAL,
Main Course,Pizza,Chicken Jalapeño Melt Flatbread,FOOD,
All Day Breakfast,All Day Breakfast,Islander Breakfast Burrito - Egg,COMBO,
Sides,Sides,The Hummus & Pita Plate,FOOD,
All Day Breakfast,All Day Breakfast,Decedant French Toast - Nutella,COMBO,
Main Course,Pizza,Basil Pesto Veggie Flatbread,FOOD,
Desserts,Desserts,Opera Slice,FOOD,
Desserts,Desserts,New York–Style Cheesecake - Classic Maple,FOOD,
Main Course,Pizza,Italian Margherita Flatbread,FOOD,
All Day Breakfast,All Day Breakfast,Decedant French Toast - Berry,COMBO,
All Day Breakfast,Toasties,Islander Avo Broc Egg Toast,FOOD,
Snacks,Ready to Munch,Hazelnut Chocolate Shots,RETAIL,
Snacks,Ready to Munch,The Ultimate Trail Mix,RETAIL,
Main Course,Sandwiches,Chilli Cheese Mushroom Melt,FOOD,
Snacks,Ready to Munch,The Ultimate  Sweet Crunchy Nut Mix,RETAIL,
All Day Breakfast,All Day Breakfast,The Islander Veg Breakfast Plate,FOOD,
All Day Breakfast,All Day Breakfast,Islander Breakfast Burrito - Chicken,FOOD,
All Day Breakfast,All Day Breakfast,Islander Eggs - Your Way (Scrambled),FOOD,
All Day Breakfast,All Day Breakfast,Islander Masala Omelette,FOOD,
All Day Breakfast,Toasties,Islander Mexi-Bean Toast,FOOD,
All Day Breakfast,All Day Breakfast,Fluffy Café Pancakes - Nutella,FOOD,
Desserts,Desserts,French Butter Croissant(1),FOOD,
Snacks,Ready to Munch,Chocolate Almond,RETAIL,
Main Course,Sandwiches,Chilli Cheese Brioche Melt,FOOD,
Sides,Sides,K-Spice Chicken Bites,FOOD,
All Day Breakfast,All Day Breakfast,Islander Eggs - Your Way (Omelette),FOOD,
Main Course,Sandwiches,Pomodoro Meatball Melt,FOOD,
All Day Breakfast,All Day Breakfast,Decadent French Toast - Nutella,FOOD,
All Day Breakfast,All Day Breakfast,Islander Eggs - Your Way (Fried Eggs),FOOD,
Merch,Sipper,Islander Red Sipper,RETAIL,
Main Course,Sandwiches,Paprika Chicken Melt,FOOD,
All Day Breakfast,All Day Breakfast,Fluffy Café Pancakes - Berry,FOOD,
Sides,Sides,K-Spice Paneer Bites,FOOD,
Main Course,Sandwiches,Italian Caprese,FOOD,
Merch,Hoodie,Islander Vibes Hoodie (Small),RETAIL,
Snacks,Ready to Munch,Masala Cashew,RETAIL,
Main Course,Sandwiches,Ham & Cheese Brioche Melt,FOOD,
Main Course,Sandwiches,Roasted Tomato & Bocconcini Croissant(!),FOOD,
Main Course,Rice Bowl,Asian Hot Garlic Rice Bowl - Chicken,FOOD,
Desserts,Desserts,Pistachio Croissant,FOOD,
All Day Breakfast,All Day Breakfast,Fluffy Café Pancakes – Berry,FOOD,
Snacks,Ready to Munch,Masala Almond,RETAIL,
Main Course,Rice Bowl,Mexican Rice Bowl – Paneer,FOOD,
Main Course,Pasta,Spaghetti Aglio Olio – Chicken,FOOD,
All Day Breakfast,All Day Breakfast,Decadent French Toast – Classic Maple,FOOD,
All Day Breakfast,All Day Breakfast,Islander Breakfast Burrito – Egg,FOOD,
All Day Breakfast,All Day Breakfast,Fluffy Café Pancakes – Classic Maple,FOOD,
All Day Breakfast,All Day Breakfast,Decadent French Toast – Berry,FOOD,
Main Course,Pasta,Three-Cheese Mac – Vegetables,FOOD,
Desserts,Desserts,New York-Style Cheesecake – Classic Maple,FOOD,
Sides,Sides,Loaded Nachos – Veg,FOOD,
Main Course,Pasta,Italian Chicken Bolognese,FOOD,
All Day Breakfast,All Day Breakfast,Decadent French Toast – Nutella,FOOD,
Cold Beverages,Cold Brews,Iced Vietnamese Matcha,BEVERAGES,
Smoothies and Shakes,Smoothies and Shakes,Alphanso Mango Smoothies,BEVERAGES,
Ready To Drink,Cold Brew,Glass Water Bottle - 750 ML,BEVERAGES,
All Day Breakfast,All Day Breakfast,Islander Eggs-Your Way - Omelette,FOOD,
All Day Breakfast,All Day Breakfast,Fluffy Café Pancakes – Nutella,FOOD,
Main Course,Pasta,Spaghetti Aglio Olio - Non Veg,FOOD,
All Day Breakfast,All Day Breakfast,Fluffy Cafe Pancakes - Classic Maple,FOOD,
Sides,Sides,Truffle Parmesan Fries,FOOD,
Main Course,Pasta,Italian Arrabbiata Penne - Non Veg,FOOD,
All Day Breakfast,All Day Breakfast,Decadent French Toast - Berry,FOOD,
All Day Breakfast,All Day Breakfast,Decadent French Toast - Classic Maple,FOOD,
Hot Beverages,Hot Brews,Spiced Hot Chocolate,BEVERAGES,
Main Course,Sandwiches,Roasted Tomato & Bocconcini Croissant (CIB),FOOD,
Smoothies and Shakes,Smoothies and Shakes,Berry Blast Smoothies,BEVERAGES,
All Day Breakfast,All Day Breakfast,French Butter Croissant (CIB),FOOD,
All Day Breakfast,All Day Breakfast,Fluffy Cafe Pancakes - Berry,FOOD,
Smoothies and Shakes,Smoothies and Shakes,Double Chocolate Indulgent Milkshake,BEVERAGES,
All Day Breakfast,All Day Breakfast,Fluffy Cafe Pancakes - Nutella,FOOD,
All Day Breakfast,All Day Breakfast,Islander Eggs-Your Way - Fried Eggs,FOOD,
Desserts,Desserts,New York-Style Cheesecake - Berry,FOOD,
Desserts,Desserts,New York-Style Cheesecake - Classic Maple,FOOD,
Cold Beverages,Cold Brews,Iced Latte Pistachio,BEVERAGES,
Smoothies and Shakes,Smoothies and Shakes,Avocado Smoothies,BEVERAGES,
Snacks,Ready to Munch,Coffee Almond Shots,RETAIL,
Value Combos (upto 40% off),Hot Value Combos (upto 40% off),Sriracha Chicken & Avocado Wrap with Cappuccino,COMBO,
Gelato Upgrade,Gelato Upgrade,Cookie & Brownie Upgrade Gelato Single Scoop,COMBO,
Snacks,Ready to Munch,Chocolate Cashew,RETAIL,
Cold Beverages,Cold Brews,Dubai Chocolate,BEVERAGES,
Beans & Powder,Instant Coffee,Instant Coffee - Classic (30 sachet box),RETAIL,
Smoothies and Shakes,Smoothies and Shakes,Berry Burst Paradise Milkshake,BEVERAGES,
Cold Beverages,Refresh,Bobastic Passionfruit Green Tea,BEVERAGES,
ADDON,Choice of Crema,Salted Caramel Crema @0,BEVERAGES,
Emp_Bev,Emp_Bev,Americano(emp),EMP MEAL,
Gelato Upgrade,Gelato Upgrade,Gelato Double Scoop Upgrade Cookie & Brownie,COMBO,
ADDON,Choice of Milk,Regular @25,BEVERAGES,
Emp_Bev,Emp_Bev,Freddo Cappuccino(emp),EMP MEAL,
Desserts,Gelato,Dark Chocolate Single Scoop,GELATO,
Desserts,Desserts,Nolen Gur Banoffee Jar,DESSERT,
Desserts,Gelato,Belgian Chocolate Single Scoop,GELATO,
Desserts,Gelato,Mango Sorbet Single Scoop,GELATO,
ADDON,Choice of Beans,Kenya Single Estate - 0 (Default),BEVERAGES,
Cold Beverages,Food Sampling for Microsoft/Compass,Master Blend,BEVERAGES,
Cold Beverages,Food Sampling for Microsoft/Compass,Volcano Blend@54g,BEVERAGES,
Hot Beverages,Hot Brews,Cortado (Small),BEVERAGES,
Hot Beverages,Hot Brews,Macchiato (Single),BEVERAGES,
Cold Beverages,Cold Brews,Kenya Blend 36g @ 25,BEVERAGES,
Cold Beverages,Food Sampling for Microsoft/Compass,Master Blend @54g,BEVERAGES,
Main Course,Pizza,Chicken Jalapeno Melt Flatbread,FOOD,
Desserts,Desserts,New York-Style Cheesecake - Nutella,FOOD,
Sides,Sides,Cafe Nacho Trio,FOOD,
All Day Breakfast,All Day Breakfast,Islander Eggs-Your Way - Scrambled Eggs,FOOD,
All Day Breakfast,All Day Breakfast,Islander Breakfast Burrito - Paneer,FOOD,
All Day Breakfast,All Day Breakfast,Islander Eggs-Your Way - Boiled Eggs,FOOD,
Main Course,Pasta,Three-Cheese Mac - Non Veg,FOOD,
Merch,Hoodie,Islander Vibes Hoodie - Med,RETAIL,
All Day Breakfast,All Day Breakfast,Islander Breakfast Burrito - Egg,FOOD,
Smoothies and Shakes,Smoothies and Shakes,Forest Berry Iced smoothie,BEVERAGES,
Breakfast Specials CIB,Breakfast Specials CIB,Breakfast Specials @ ?299,COMBO,
Desserts,Tea Cakes,Choco Banana Tea Cake,DESSERT,
Desserts,Cheesecakes & Dessert Jars,Burnt Basque Cheesecake,DESSERT,
Desserts,Tea Cakes,Cinnamon Pistachio Tea Cake,DESSERT,
Desserts,Tea Cakes,Almond Tea Cake,DESSERT,
Gelato Upgrade,Gelato Upgrade,Cookie & Brownie Upgrade Gelato Single Scoop,COMBO,
Cold Beverages,Cold Brews,Bobastic Iced Apple Mint Green Tea,BEVERAGES,
ADDON,Choice of Extra Shot - 50,Extra Shot - Kenya Single Estate,BEVERAGES,
Desserts,Cheesecakes & Dessert Jars,Chocolate Mousse Jar,DESSERT,
Desserts,Cheesecakes & Dessert Jars,Biscoff Cheesecake Jar,DESSERT,
All Day Breakfast,All Day Breakfast,Pancakes - Nutella (Pure Jain),FOOD,
Main Course,Sandwiches,Chilli Cheese Melt Brioche (Pure Jain),FOOD,
Breakfast Specials CIB,Breakfast Specials CIB,Breakfast Specials @ 299,COMBO,
Sides,Sides,Classic French Fries (Pure Jain),FOOD,
All Day Breakfast,All Day Breakfast,French Butter Croissant (Pure Jain),FOOD,
Desserts,Desserts,Chocolate Fudge Brownie (Pure Jain),FOOD,
All Day Breakfast,All Day Breakfast,Pancakes - Classic Maple (Pure Jain),FOOD,
Desserts,Desserts,The Walnut Date Teacake (Pure Jain),FOOD,
All Day Breakfast,All Day Breakfast,Pancakes - Berry (Pure Jain),FOOD,
Emp_Bev,Emp_Bev,Freddo Espresso Ristretto(emp),EMP MEAL,
All Day Breakfast,All Day Breakfast,The Islander Veg Breakfast (Pure Jain),FOOD,
All Day Breakfast,Toasties,Avo Bro Toast (Pure Jain),FOOD,
Main Course,Pasta,Mac & Cheese (Pure Jain),FOOD,
All Day Meal,All Day Meal,French Butter Croissant & Cappuccino,COMBO,
All Day Meal,All Day Meal,Choco Fudge Delight & Cappuccino,COMBO,
All Day Meal,All Day Meal,French Butter Croissant & Iced Latte Signature,COMBO,
All Day Meal,All Day Meal,Choco Fudge Delight & Hot Latte Signature,COMBO,
All Day Meal,All Day Meal,Korean Garlic Mushroom Puff & Iced Latte Signature,COMBO,
All Day Meal,All Day Meal,Belgian Chocolate Fudge Brownie & Cappuccino,COMBO,
All Day Meal,All Day Meal,French Butter Croissant & Americano,COMBO,
All Day Meal,All Day Meal,French Butter Croissant & Hot Latte Signature,COMBO,
All Day Meal,All Day Meal,Belgian Chocolate fudge brownie & Hot Latte Signature,COMBO,
All Day Meal,All Day Meal,Korean Garlic Mushroom Puff & Hot Latte Signature,COMBO,
All Day Meal,All Day Meal,Korean Garlic Mushroom Puff & Cappuccino,COMBO,
All Day Meal,All Day Meal,Choco Fudge Delight & Iced Latte Signature,COMBO,
All Day Meal,All Day Meal,Korean Garlic Mushroom Puff & Americano,COMBO,
All Day Meal,All Day Meal,Belgian Chocolate fudge brownie & Iced Latte Signature,COMBO,
All Day Meal,All Day Meal,Belgian Chocolate fudge brownie & Americano,COMBO,
All Day Meal,All Day Meal,The Walnut Date Teacake & Iced Latte Signature,COMBO,
All Day Meal,All Day Meal,The Walnut Date Teacake & Cappuccino,COMBO,
Sides,Sides,Nachos Trio (Pure Jain),FOOD,
Sides,Sides,Cheesy Fries (Pure Jain),FOOD,
ADDON,Choice of Milk,Regular - Milk -175g Default,BEVERAGES,
ADDON,Choice of Extra Shot - 50,Extra Shot - Volcano Blend,BEVERAGES,
Emp_Bev,Emp_Bev,Cortado(emp),EMP MEAL,
ADDON,Choice of Extra Shot - 50,Extra Shot - Ethiopia Blend,BEVERAGES,
Sides,Sides,Cheesy Bread (Pure Jain),FOOD,
All Day Meal,All Day Meal,Cheesy Garlic Bread & Cappuccino,COMBO,
All Day Meal,All Day Meal,Almond tea cake & Iced Latte Signature,COMBO,
All Day Meal,All Day Meal,Cheesy Garlic Bread & Hot Latte Signature,COMBO,
All Day Meal,All Day Meal,Cheesy Garlic Bread & Iced Latte Signature,COMBO,
All Day Meal,All Day Meal,Almond tea cake & Cappuccino,COMBO,
Merch,Unisex T-shirt,Unisex T-Shirt (Red) Small,RETAIL,
Quick Bites,Croissant Cookie & Muffin,Boston Cream Cruffin,FOOD,
Quick Bites,Tea Cake,Moist Marble Cake,FOOD,
Quick Bites,Donut & Éclair,Pistachio Eclair,FOOD,
Quick Bites,Bread,Chocolate Hazelnut Babka,FOOD,
Quick Bites,Croissant Cookie & Muffin,1Oats & Raisin Cookie,FOOD,
Quick Bites,Donut & Éclair,Chocolate Eclair,FOOD,
Small Plates,Sandwich,Pesto Paradise Multigrain Sandwich,FOOD,
Quick Bites,Bread,Basil & Oven Dried Tomato Pinwheel,FOOD,
Main Course,Wholesome Wrap,Peri Peri Chicken Parantha Wrap,FOOD,
Quick Bites,Filled Buns,Korean Chicken Bun,FOOD,
Quick Bites,Donut & Éclair,Choco Chip Berliner,FOOD,
Quick Bites,Pastry,1Choco Fudge Delight,FOOD,
Desserts,Gelato,Dark Chocolate SSC Sundae,GELATO,
Cold Beverages,Cold Brews,Islander Latte,BEVERAGES,
Quick Bites,Bread,Garlic & Cheese Pull Apart,FOOD,
Quick Bites,Puff & Toastie,Chipotle Vegetable Puff,FOOD,
Quick Bites,Donut & Éclair,Chocolate Donut,FOOD,
Main Course,Wholesome Wrap,Paneer Tikka Parantha Wrap,FOOD,
Quick Bites,Filled Buns,Korean Bun,FOOD,
Quick Bites,Donut & Éclair,White Chocolate & Berry Berliner,FOOD,
Small Plates,Sandwich,Chicken Tikka Multigrain Sandwich,FOOD,
Desserts,Gelato,French Vanilla Signature Sundae,GELATO,
Desserts,Gelato,French Vanilla Sundae,GELATO,
Quick Bites,Quick Bitess,Nacho & Dip,FOOD,
Quick Bites,Puff & Toastie,Harissa Chicken Puff,FOOD,
Desserts,Gelato,Belgian Chocolate Sundae,GELATO,
Quick Bites,Quick Bitess,Korean Pop - Potato,FOOD,
Quick Bites,Quick Bitess,Korean Pop - Paneer,FOOD,
Quick Bites,Croissant Cookie & Muffin,Maple Butter Croissant,FOOD,
All Day Meal,All Day Meal,The Walnut Date Teacake & Hot Latte Signature,COMBO,
All Day Meal,All Day Meal,Almond tea cake & Hot Latte Signature,COMBO,
Desserts,Gelato,Dark Chocolate SSC Signature Sundae,GELATO,
Desserts,Gelato,Mango Sorbet Sundae,GELATO,
Cold Beverages,Refresh,Valencia Orange Juice,BEVERAGES,
Cold Beverages,Iced Chocolate,Valentine Strawberry Chocolate - Cold,BEVERAGES,
Hot Beverages,Hot Chocolate,Valentine Strawberry Chocolate - Hot,BEVERAGES,
