Deployment Name,Date,Source,Tab Name,Item Code,Section,Super Category Name,Category Name,Item Name,Item Qty,Total Qty,Rate,SubTotal,Discount,Net Amount,Total Tax,Gross Amount,Bills,
"Coffee Island Beyond GK II","2026-02-16","POS","DINE IN","45","BEVERAGES","Cold Beverages","Island Special-Cold","Mocha Espressione Cold",1.00,1.00,340.000,340.00,0.00,340.00,17.00,357.00,1,
"Coffee Island Beyond GK II","2026-02-16","POS","DINE IN","365","BEVERAGES","Cold Beverages","Island Special-Cold","Java Chip Killer",1.00,1.00,365.000,365.00,91.25,273.75,13.69,287.44,1,
"Coffee Island Beyond GK II","2026-02-16","POS","DINE IN","2","BEVERAGES","Cold Beverages","Cold Brews","Iced Latte Signature",4.00,4.00,280.000,1120.00,130.03,989.97,49.50,1039.47,3,
"Coffee Island Beyond GK II","2026-02-16","POS","DINE IN","871","FOOD","Breakfast Specials CIB","Breakfast Specials CIB","Breakfast Specials @ ₹299",6.00,6.00,299.000,1794.00,0.00,1794.00,89.70,1883.70,5,
"Coffee Island Beyond GK II","2026-02-16","POS","DINE IN","11","BEVERAGES","Cold Beverages","Cold Brews","Islander Cold Coffee",3.00,3.00,290.000,870.00,72.50,797.50,39.88,837.38,3,
"Coffee Island Beyond GK II","2026-02-16","POS","DINE IN","99","BEVERAGES","Hot Beverages","Hot Brews","Americano",10.00,10.00,215.000,2150.00,472.50,1677.50,83.88,1761.38,8,
"Coffee Island Beyond GK II","2026-02-16","POS","DINE IN","620","EMP MEAL","Emp_Bev","Emp_Bev","Latte(emp)",1.00,1.00,0.000,0.00,0.00,0.00,0.00,0.00,1,
"Coffee Island Beyond GK II","2026-02-16","POS","DINE IN","86","BEVERAGES","Hot Beverages","Alternative Brews","Island Pour Over",1.00,1.00,310.000,310.00,0.00,310.00,15.50,325.50,1,
"Coffee Island Beyond GK II","2026-02-16","POS","DINE IN","721","FOOD","All Day Breakfast","All Day Breakfast","Decadent French Toast - Nutella",1.00,1.00,450.000,450.00,112.50,337.50,16.88,354.38,1,
"Coffee Island Beyond GK II","2026-02-16","POS","DINE IN","52","BEVERAGES","Smoothies and Shakes","Smoothies and Shakes","Double Chocolate Indulgent Milkshake",1.00,1.00,270.000,270.00,0.00,270.00,13.50,283.50,1,
"Coffee Island Beyond GK II","2026-02-16","POS","DINE IN","4","BEVERAGES","Cold Beverages","Cold Brews","Fizzy Espressione (Tonic Water)",1.00,1.00,310.000,310.00,0.00,310.00,15.50,325.50,1,
"Coffee Island Beyond GK II","2026-02-16","POS","DINE IN","647","FOOD","Sides","Sides","Korean Spicy Fries",1.00,1.00,220.000,220.00,55.00,165.00,8.25,173.25,1,
"Coffee Island Beyond GK II","2026-02-16","POS","DINE IN","200","FOOD","Desserts","Gelato","Mango Sorbet Single Scoop",1.00,1.00,195.000,195.00,39.00,156.00,7.80,163.80,1,
"Coffee Island Beyond GK II","2026-02-16","POS","DINE IN","646","FOOD","Sides","Sides","Classic Fries",2.00,2.00,190.000,380.00,0.00,380.00,19.00,399.00,2,
"Coffee Island Beyond GK II","2026-02-16","POS","DINE IN","130","BEVERAGES","Hot Beverages","Hot Tea","Indian Masala Tea",1.00,1.00,210.000,210.00,0.00,210.00,10.50,220.50,1,
"Coffee Island Beyond GK II","2026-02-16","POS","DINE IN","389","BEVERAGES","Cold Beverages","Cold Brews","Bobastic Coconut Matcha",1.00,1.00,310.000,310.00,31.00,279.00,13.95,292.95,1,
"Coffee Island Beyond GK II","2026-02-16","POS","DINE IN","652","FOOD","Sides","Sides","K-Spice Chicken Bites",1.00,1.00,330.000,330.00,0.00,330.00,16.50,346.50,1,
"Coffee Island Beyond GK II","2026-02-16","POS","DINE IN","90","BEVERAGES","Hot Beverages","Hot Brews","Cortado",1.00,1.00,230.000,230.00,0.00,230.00,11.50,241.50,1,
"Coffee Island Beyond GK II","2026-02-16","POS","DINE IN","49","BEVERAGES","Cold Beverages","Island Special-Cold","Freddo Cappuccino",1.00,1.00,290.000,290.00,0.00,290.00,14.50,304.50,1,
"Coffee Island Beyond GK II","2026-02-16","POS","DINE IN","654","FOOD","Sides","Sides","Cheesy Garlic Bread",4.00,4.00,250.000,1000.00,250.00,750.00,37.50,787.50,4,
"Coffee Island Beyond GK II","2026-02-16","POS","DINE IN","196","FOOD","Desserts","Gelato","Belgian Chocolate Single Scoop",1.00,1.00,195.000,195.00,0.00,195.00,9.75,204.75,1,
"Coffee Island Beyond GK II","2026-02-16","POS","DINE IN","63","BEVERAGES","Cold Beverages","Proffees (Protein + Coffee)","Cookie & Cream Proffee (Protein + Coffee)",1.00,1.00,310.000,310.00,0.00,310.00,15.50,325.50,1,
"Coffee Island Beyond GK II","2026-02-16","POS","DINE IN","719","FOOD","All Day Breakfast","All Day Breakfast","Fluffy Cafe Pancakes - Berry",1.00,1.00,380.000,380.00,0.00,380.00,19.00,399.00,1,
"Coffee Island Beyond GK II","2026-02-16","POS","DINE IN","610","EMP MEAL","Emp_Bev","Emp_Bev","Gelato Affogato (emp)",1.00,1.00,0.000,0.00,0.00,0.00,0.00,0.00,1,
"Coffee Island Beyond GK II","2026-02-16","POS","DINE IN","124","BEVERAGES","Hot Beverages","Hot Chocolate","Hazelnut Hot Chocolate",1.00,1.00,280.000,280.00,0.00,280.00,14.00,294.00,1,
"Coffee Island Beyond GK II","2026-02-16","POS","DINE IN","696","FOOD","Main Course","Rice Bowl","Mexican Rice Bowl - Paneer",2.00,2.00,400.000,800.00,100.00,700.00,35.00,735.00,2,
"Coffee Island Beyond GK II","2026-02-16","POS","DINE IN","679","FOOD","Desserts","Desserts","French Pain Au Chocolat",1.00,1.00,250.000,250.00,50.00,200.00,10.00,210.00,1,
"Coffee Island Beyond GK II","2026-02-16","POS","DINE IN","724","FOOD","Main Course","Rice Bowl","Asian Hot Garlic Rice Bowl - Chicken",1.00,1.00,450.000,450.00,0.00,450.00,22.50,472.50,1,
"Coffee Island Beyond GK II","2026-02-16","POS","DINE IN","33","BEVERAGES","Cold Beverages","Iced Chocolate","Guilt-Free Iced Chocolate",1.00,1.00,270.000,270.00,54.00,216.00,10.80,226.80,1,
"Coffee Island Beyond GK II","2026-02-16","POS","DINE IN","634","BEVERAGES","Hot Beverages","Hot Brews","Pistachio Cappuccino",1.00,1.00,280.000,280.00,70.00,210.00,10.50,220.50,1,
"Coffee Island Beyond GK II","2026-02-16","POS","DINE IN","865","FOOD","All Day Breakfast","All Day Breakfast","Islander Masala Omelette",1.00,1.00,350.000,350.00,0.00,350.00,17.50,367.50,1,
"Coffee Island Beyond GK II","2026-02-16","POS","DINE IN","136","BEVERAGES","Hot Beverages","Island Special-Hot","Spanish Bombon",1.00,1.00,310.000,310.00,19.97,290.03,14.50,304.53,1,
"Coffee Island Beyond GK II","2026-02-16","POS","DINE IN","662","FOOD","All Day Breakfast","All Day Breakfast","The Islander Veg Breakfast Plate",1.00,1.00,420.000,420.00,105.00,315.00,15.75,330.75,1,
"Coffee Island Beyond GK II","2026-02-16","POS","DINE IN","695","FOOD","Main Course","Pizza","Italian Margherita Flatbread",1.00,1.00,390.000,390.00,0.00,390.00,19.50,409.50,1,
"Coffee Island Beyond GK II","2026-02-16","POS","DINE IN","633","BEVERAGES","Hot Beverages","Hot Brews","Spiced Hot Chocolate",1.00,1.00,280.000,280.00,70.00,210.00,10.50,220.50,1,
"Coffee Island Beyond GK II","2026-02-16","POS","DINE IN","908","FOOD","Desserts","Tea Cakes","Almond Tea Cake",1.00,1.00,250.000,250.00,0.00,250.00,12.50,262.50,1,
"Coffee Island Beyond GK II","2026-02-16","POS","DINE IN","648","FOOD","Sides","Sides","Cheesy Fries",1.00,1.00,270.000,270.00,67.50,202.50,10.13,212.63,1,
"Coffee Island Beyond GK II","2026-02-16","POS","DINE IN","97","BEVERAGES","Hot Beverages","Hot Brews","Hot Latte Signature",4.00,4.00,258.750,1035.00,78.75,956.25,47.81,1004.06,3,
"Coffee Island Beyond GK II","2026-02-16","POS","DINE IN","129","BEVERAGES","Hot Beverages","Hot Tea","Chamomile Sunset Classic Tea",1.00,1.00,210.000,210.00,0.00,210.00,10.50,220.50,1,
"Coffee Island Beyond GK II","2026-02-16","POS","DINE IN","907","FOOD","Quick Bites","Croissant Cookie & Muffin","Maple Butter Croissant",1.00,1.00,250.000,250.00,0.00,250.00,12.50,262.50,1,
"Coffee Island Beyond GK II","2026-02-16","POS","DINE IN","92","BEVERAGES","Hot Beverages","Hot Brews","Espresso",1.00,1.00,190.000,190.00,0.00,190.00,9.50,199.50,1,
"Coffee Island Beyond GK II","2026-02-16","POS","DINE IN","106","BEVERAGES","Hot Beverages","Hot Brews","Cappuccino",6.00,6.00,230.000,1380.00,460.00,920.00,46.00,966.00,5,
"Coffee Island Beyond GK II","2026-02-16","POS","DINE IN","46","BEVERAGES","Cold Beverages","Island Special-Cold","Orange Bumble Coffee",1.00,1.00,310.000,310.00,62.00,248.00,12.40,260.40,1,
"Coffee Island Beyond GK II","2026-02-16","POS","DINE IN","353","EMP MEAL","Emp Meal","Emp Meal","Emp Meal",11.00,11.00,0.000,0.00,0.00,0.00,0.00,0.00,8,
"Coffee Island Beyond GK II","2026-02-16","POS","DINE IN","866","FOOD","Main Course","Sandwiches","Chilli Cheese Brioche Melt",5.00,5.00,390.000,1950.00,195.00,1755.00,87.76,1842.76,5,
"Coffee Island Beyond GK II","2026-02-16","POS","TAKEAWAY","862","FOOD","Desserts","Desserts","New York-Style Cheesecake - Berry",1.00,1.00,350.000,350.00,0.00,350.00,17.50,367.50,1,
"Coffee Island Beyond GK II","2026-02-16","POS","TAKEAWAY","209","FOOD","Desserts","Gelato","Dark Chocolate Single Scoop",2.00,2.00,195.000,390.00,0.00,390.00,19.50,409.50,1,
"Coffee Island Beyond GK II","2026-02-16","POS","TAKEAWAY","99","BEVERAGES","Hot Beverages","Hot Brews","Americano",1.00,1.00,210.000,210.00,0.00,210.00,10.50,220.50,1,
"Coffee Island Beyond GK II","2026-02-16","POS","TAKEAWAY","115","BEVERAGES","Hot Beverages","Hot Chocolate","Signature Belgian Dark Hot Chocolate",1.00,1.00,280.000,280.00,0.00,280.00,14.00,294.00,1,
"Coffee Island Beyond GK II","2026-02-16","POS","TAKEAWAY","11","BEVERAGES","Cold Beverages","Cold Brews","Islander Cold Coffee",1.00,1.00,290.000,290.00,0.00,290.00,14.50,304.50,1,
"Coffee Island Beyond GK II","2026-02-16","POS","TAKEAWAY","136","BEVERAGES","Hot Beverages","Island Special-Hot","Spanish Bombon",1.00,1.00,310.000,310.00,0.00,310.00,15.50,325.50,1,
"Coffee Island Beyond GK II","2026-02-16","POS","TAKEAWAY","2","BEVERAGES","Cold Beverages","Cold Brews","Iced Latte Signature",1.00,1.00,280.000,280.00,0.00,280.00,14.00,294.00,1,
"Coffee Island Beyond GK II","2026-02-16","POS","TAKEAWAY","106","BEVERAGES","Hot Beverages","Hot Brews","Cappuccino",1.00,1.00,280.000,280.00,0.00,280.00,14.00,294.00,1,
"Coffee Island Beyond GK II","2026-02-16","POS","TAKEAWAY","870","BEVERAGES","Ready To Drink","Cold Brew","Glass Water Bottle - 750 ML",1.00,1.00,95.240,95.24,0.00,95.24,4.76,100.00,1,
"Coffee Island Beyond GK II","2026-02-16","QR","DINE IN","42","BEVERAGES","Cold Beverages","Island Special-Cold","Freddo Espresso Ristretto",1.00,1.00,285.000,285.00,0.00,285.00,14.25,299.25,1,
"Coffee Island Beyond GK II","2026-02-16","QR","DINE IN","681","FOOD","Desserts","Desserts","New York-Style Cheesecake - Nutella",1.00,1.00,350.000,350.00,0.00,350.00,17.50,367.50,1,
"Coffee Island Beyond GK II","2026-02-16","Swiggy","DELIVERY","11","BEVERAGES","Cold Beverages","Cold Brews","Islander Cold Coffee",1.00,1.00,320.000,320.00,99.76,220.24,11.01,231.25,1,
"Coffee Island Beyond GK II","2026-02-16","Swiggy","DELIVERY","106","BEVERAGES","Hot Beverages","Hot Brews","Cappuccino",2.00,2.00,312.500,625.00,265.44,359.56,17.98,377.54,2,
"Coffee Island Beyond GK II","2026-02-16","Swiggy","DELIVERY","99","BEVERAGES","Hot Beverages","Hot Brews","Americano",1.00,1.00,280.000,280.00,87.29,192.71,9.64,202.35,1,
"Coffee Island Beyond GK II","2026-02-16","Zomato","DELIVERY","115","BEVERAGES","Hot Beverages","Hot Chocolate","Signature Belgian Dark Hot Chocolate",1.00,1.00,310.000,310.00,80.00,230.00,11.50,241.50,1,
"Coffee Island Beyond GK II","2026-02-16","Zomato","DELIVERY","94","BEVERAGES","Hot Beverages","Hot Brews","Flat White",2.00,2.00,250.000,500.00,58.59,441.41,22.07,463.48,1,
"Coffee Island Beyond GK II","2026-02-16","Zomato","DELIVERY","713","FOOD","All Day Breakfast","All Day Breakfast","Islander Eggs-Your Way - Boiled Eggs",1.00,1.00,495.000,495.00,0.00,495.00,24.75,519.75,1,
"Coffee Island Beyond GK II","2026-02-16","Zomato","DELIVERY","42","BEVERAGES","Cold Beverages","Island Special-Cold","Freddo Espresso Ristretto",1.00,1.00,280.000,280.00,32.81,247.19,12.36,259.55,1,
"Coffee Island Beyond GK II","2026-02-16","Zomato","DELIVERY","99","BEVERAGES","Hot Beverages","Hot Brews","Americano",3.00,3.00,230.000,690.00,345.00,345.00,17.25,362.25,2,
"Coffee Island Beyond GK II","2026-02-16","Zomato","DELIVERY","97","BEVERAGES","Hot Beverages","Hot Brews","Hot Latte Signature",1.00,1.00,260.000,260.00,0.00,260.00,13.00,273.00,1,
"Coffee Island Beyond GK II","2026-02-16","Zomato","DELIVERY","865","FOOD","All Day Breakfast","All Day Breakfast","Islander Masala Omelette",1.00,1.00,385.000,385.00,0.00,385.00,19.25,404.25,1,
"Coffee Island Beyond GK II","2026-02-16","Zomato","DELIVERY","106","BEVERAGES","Hot Beverages","Hot Brews","Cappuccino",8.00,8.00,262.500,2100.00,1108.59,991.41,49.57,1040.98,4,
"Coffee Island Beyond GK II","2026-02-16","Zomato","DELIVERY","724","FOOD","Main Course","Rice Bowl","Asian Hot Garlic Rice Bowl - Chicken",1.00,1.00,495.000,495.00,148.50,346.50,17.33,363.83,1,
"Coffee Island Beyond GK II","2026-02-16","Zomato","DELIVERY","715","FOOD","All Day Breakfast","All Day Breakfast","Islander Eggs-Your Way - Fried Eggs",2.00,2.00,495.000,990.00,0.00,990.00,49.50,1039.50,1,
"Coffee Island Beyond GK II","2026-02-16","Zomato","DELIVERY","110","BEVERAGES","Hot Beverages","Hot Brews","Macchiato",1.00,1.00,230.000,230.00,230.00,0.00,0.00,0.00,1,
"Coffee Island HQ-27","2026-02-16","Mobile App","TAKEAWAY","50","BEVERAGES","Cold Beverages","Island Special-Cold","Iced Vietnamese Shakerato",1.00,1.00,310.000,310.00,92.50,217.50,10.88,228.38,1,
"Coffee Island HQ-27","2026-02-16","Mobile App","TAKEAWAY","106","BEVERAGES","Hot Beverages","Hot Brews","Cappuccino",1.00,1.00,230.000,230.00,60.60,169.40,8.47,177.87,1,
"Coffee Island HQ-27","2026-02-16","Mobile App","TAKEAWAY","633","BEVERAGES","Hot Beverages","Hot Brews","Spiced Hot Chocolate",1.00,1.00,280.000,280.00,42.00,238.00,11.90,249.90,1,
"Coffee Island HQ-27","2026-02-16","Mobile App","TAKEAWAY","15","BEVERAGES","Cold Beverages","Cold Brews","Iced Americano",1.00,1.00,250.000,250.00,223.00,27.00,1.35,28.35,1,
"Coffee Island HQ-27","2026-02-16","Mobile App","TAKEAWAY","284","BEVERAGES","Ready To Drink","Cold Brew","500 Ml Water Bottle",1.00,1.00,38.000,38.00,36.00,2.00,0.10,2.10,1,
"Coffee Island HQ-27","2026-02-16","Mobile App","TAKEAWAY","2","BEVERAGES","Cold Beverages","Cold Brews","Iced Latte Signature",1.00,1.00,0.000,0.00,0.00,0.00,0.00,0.00,1,
"Coffee Island HQ-27","2026-02-16","Mobile App","TAKEAWAY","99","BEVERAGES","Hot Beverages","Hot Brews","Americano",1.00,1.00,210.000,210.00,77.00,133.00,6.65,139.65,1,
"Coffee Island HQ-27","2026-02-16","Mobile App","TAKEAWAY","11","BEVERAGES","Cold Beverages","Cold Brews","Islander Cold Coffee",1.00,1.00,290.000,290.00,76.40,213.60,10.68,224.28,1,
"Coffee Island HQ-27","2026-02-16","POS","DINE IN","46","BEVERAGES","Cold Beverages","Island Special-Cold","Orange Bumble Coffee",2.00,2.00,310.000,620.00,62.00,558.00,27.90,585.90,1,
"Coffee Island HQ-27","2026-02-16","POS","DINE IN","129","BEVERAGES","Hot Beverages","Hot Tea","Chamomile Sunset Classic Tea",2.00,2.00,210.000,420.00,0.00,420.00,21.00,441.00,2,
"Coffee Island HQ-27","2026-02-16","POS","DINE IN","94","BEVERAGES","Hot Beverages","Hot Brews","Flat White",1.00,1.00,230.000,230.00,0.00,230.00,11.50,241.50,1,
"Coffee Island HQ-27","2026-02-16","POS","DINE IN","715","FOOD","All Day Breakfast","All Day Breakfast","Islander Eggs-Your Way - Fried Eggs",1.00,1.00,450.000,450.00,0.00,450.00,22.50,472.50,1,
"Coffee Island HQ-27","2026-02-16","POS","DINE IN","200","FOOD","Desserts","Gelato","Mango Sorbet Single Scoop",1.00,1.00,195.000,195.00,48.75,146.25,7.31,153.56,1,
"Coffee Island HQ-27","2026-02-16","POS","DINE IN","196","FOOD","Desserts","Gelato","Belgian Chocolate Single Scoop",1.00,1.00,195.000,195.00,48.75,146.25,7.31,153.56,1,
"Coffee Island HQ-27","2026-02-16","POS","DINE IN","106","BEVERAGES","Hot Beverages","Hot Brews","Cappuccino",1.00,1.00,230.000,230.00,23.00,207.00,10.35,217.35,1,
"Coffee Island HQ-27","2026-02-16","POS","DINE IN","64","BEVERAGES","Cold Beverages","Proffees (Protein + Coffee)","Classic Proffee (Protein + Coffee)",1.00,1.00,310.000,310.00,31.00,279.00,13.95,292.95,1,
"Coffee Island HQ-27","2026-02-16","POS","DINE IN","50","BEVERAGES","Cold Beverages","Island Special-Cold","Iced Vietnamese Shakerato",1.00,1.00,345.000,345.00,0.00,345.00,17.25,362.25,1,
"Coffee Island HQ-27","2026-02-16","POS","DINE IN","683","FOOD","Desserts","Desserts","Chocolate Fudge Brownie",1.00,1.00,200.000,200.00,0.00,200.00,10.00,210.00,1,
"Coffee Island HQ-27","2026-02-16","POS","DINE IN","99","BEVERAGES","Hot Beverages","Hot Brews","Americano",3.00,3.00,210.000,630.00,424.00,206.00,10.30,216.30,2,
"Coffee Island HQ-27","2026-02-16","POS","DINE IN","90","BEVERAGES","Hot Beverages","Hot Brews","Cortado",1.00,1.00,230.000,230.00,0.00,230.00,11.50,241.50,1,
"Coffee Island HQ-27","2026-02-16","POS","DINE IN","680","FOOD","Desserts","Desserts","The Walnut Date Teacake",1.00,1.00,300.000,300.00,0.00,300.00,15.00,315.00,1,
"Coffee Island HQ-27","2026-02-16","POS","DINE IN","150","BEVERAGES","ADDON","Choice of Milk","Almond Milk @50",1.00,1.00,50.000,50.00,0.00,50.00,2.50,52.50,1,
"Coffee Island HQ-27","2026-02-16","POS","DINE IN","337","BEVERAGES","ADDON","Choice of Milk","Regular - Milk -140g Default",1.00,1.00,0.000,0.00,0.00,0.00,0.00,0.00,1,
"Coffee Island HQ-27","2026-02-16","POS","DINE IN","97","BEVERAGES","Hot Beverages","Hot Brews","Hot Latte Signature",3.00,3.00,240.000,720.00,0.00,720.00,36.00,756.00,2,
"Coffee Island HQ-27","2026-02-16","POS","DINE IN","30","BEVERAGES","Cold Beverages","Iced Chocolate","Classic Iced Chocolate",1.00,1.00,270.000,270.00,0.00,270.00,13.50,283.50,1,
"Coffee Island HQ-27","2026-02-16","POS","DINE IN","136","BEVERAGES","Hot Beverages","Island Special-Hot","Spanish Bombon",1.00,1.00,310.000,310.00,0.00,310.00,15.50,325.50,1,
"Coffee Island HQ-27","2026-02-16","POS","DINE IN","649","FOOD","Sides","Sides","Truffle Parmesan Fries",1.00,1.00,310.000,310.00,0.00,310.00,15.50,325.50,1,
"Coffee Island HQ-27","2026-02-16","POS","DINE IN","353","EMP MEAL","Emp Meal","Emp Meal","Emp Meal",11.00,11.00,0.000,0.00,0.00,0.00,0.00,0.00,6,
"Coffee Island HQ-27","2026-02-16","POS","DINE IN","11","BEVERAGES","Cold Beverages","Cold Brews","Islander Cold Coffee",3.00,3.00,290.000,870.00,58.00,812.00,40.60,852.60,2,
"Coffee Island HQ-27","2026-02-16","POS","DINE IN","620","EMP MEAL","Emp_Bev","Emp_Bev","Latte(emp)",2.00,2.00,0.000,0.00,0.00,0.00,0.00,0.00,1,
"Coffee Island HQ-27","2026-02-16","POS","TAKEAWAY","106","BEVERAGES","Hot Beverages","Hot Brews","Cappuccino",2.00,2.00,230.000,460.00,23.00,437.00,21.85,458.85,2,
"Coffee Island HQ-27","2026-02-16","POS","TAKEAWAY","45","BEVERAGES","Cold Beverages","Island Special-Cold","Mocha Espressione Cold",2.00,2.00,290.000,580.00,0.00,580.00,29.00,609.00,2,
"Coffee Island HQ-27","2026-02-16","POS","TAKEAWAY","8","BEVERAGES","Cold Beverages","Cold Brews","Gelato Affogato",1.00,1.00,310.000,310.00,0.00,310.00,15.50,325.50,1,
"Coffee Island HQ-27","2026-02-16","POS","TAKEAWAY","648","FOOD","Sides","Sides","Cheesy Fries",2.00,2.00,270.000,540.00,0.00,540.00,27.00,567.00,1,
"Coffee Island HQ-27","2026-02-16","POS","TAKEAWAY","61","BEVERAGES","Cold Beverages","Overnight Brew","Overnite Espresso Brew (Vietnamese)",1.00,1.00,310.000,310.00,31.00,279.00,13.95,292.95,1,
"Coffee Island HQ-27","2026-02-16","POS","TAKEAWAY","2","BEVERAGES","Cold Beverages","Cold Brews","Iced Latte Signature",1.00,1.00,280.000,280.00,28.00,252.00,12.60,264.60,1,
"Coffee Island HQ-27","2026-02-16","POS","TAKEAWAY","277","RETAIL","Snacks","Ready to Munch","Chocolate Almond",1.00,1.00,128.570,128.57,12.86,115.71,5.79,121.50,1,
"Coffee Island HQ-27","2026-02-16","POS","TAKEAWAY","284","BEVERAGES","Ready To Drink","Cold Brew","500 Ml Water Bottle",1.00,1.00,38.100,38.10,3.81,34.29,1.71,36.00,1,
"Coffee Island HQ-27","2026-02-16","POS","TAKEAWAY","97","BEVERAGES","Hot Beverages","Hot Brews","Hot Latte Signature",1.00,1.00,240.000,240.00,24.00,216.00,10.80,226.80,1,
"Coffee Island HQ-27","2026-02-16","POS","TAKEAWAY","11","BEVERAGES","Cold Beverages","Cold Brews","Islander Cold Coffee",6.00,6.00,290.000,1740.00,222.00,1518.00,75.90,1593.90,5,
"Coffee Island HQ-27","2026-02-16","POS","TAKEAWAY","50","BEVERAGES","Cold Beverages","Island Special-Cold","Iced Vietnamese Shakerato",2.00,2.00,310.000,620.00,212.00,408.00,20.40,428.40,2,
"Coffee Island HQ-27","2026-02-16","POS","TAKEAWAY","12","BEVERAGES","Cold Beverages","Cold Brews","Fizzy Espressione (Gingerale)",2.00,2.00,310.000,620.00,62.00,558.00,27.90,585.90,1,
"Coffee Island HQ-27","2026-02-16","POS","TAKEAWAY","684","FOOD","Main Course","Pasta","Spaghetti Aglio Olio - Veg",1.00,1.00,410.000,410.00,41.00,369.00,18.45,387.45,1,
"Coffee Island HQ-27","2026-02-16","POS","TAKEAWAY","150","BEVERAGES","ADDON","Choice of Milk","Almond Milk @50",1.00,1.00,50.000,50.00,5.00,45.00,2.25,47.25,1,
"Coffee Island HQ-27","2026-02-16","QR","DINE IN","39","BEVERAGES","Cold Beverages","Iced Chocolate","Hazelnut Iced Chocolate",1.00,1.00,270.000,270.00,0.00,270.00,13.50,283.50,1,
"Coffee Island HQ-27","2026-02-16","QR","DINE IN","635","BEVERAGES","Cold Beverages","Cold Brews","Iced Latte Pistachio",1.00,1.00,310.000,310.00,77.50,232.50,11.63,244.13,1,
"Coffee Island HQ-27","2026-02-16","QR","DINE IN","86","BEVERAGES","Hot Beverages","Alternative Brews","Island Pour Over",1.00,1.00,310.000,310.00,0.00,310.00,15.50,325.50,1,
"Coffee Island HQ-27","2026-02-16","QR","DINE IN","2","BEVERAGES","Cold Beverages","Cold Brews","Iced Latte Signature",1.00,1.00,355.000,355.00,0.00,355.00,17.75,372.75,1,
"Coffee Island HQ-27","2026-02-16","QR","DINE IN","46","BEVERAGES","Cold Beverages","Island Special-Cold","Orange Bumble Coffee",2.00,2.00,310.000,620.00,0.00,620.00,31.00,651.00,2,
"Coffee Island HQ-27","2026-02-16","QR","DINE IN","11","BEVERAGES","Cold Beverages","Cold Brews","Islander Cold Coffee",2.00,2.00,332.500,665.00,0.00,665.00,33.25,698.25,2,
"Coffee Island HQ-27","2026-02-16","QR","DINE IN","693","FOOD","Main Course","Pizza","Basil Pesto Veggie Flatbread",1.00,1.00,450.000,450.00,112.50,337.50,16.88,354.38,1,
"Coffee Island HQ-27","2026-02-16","QR","DINE IN","135","BEVERAGES","Hot Beverages","Island Special-Hot","Mocha Espressione Hot",1.00,1.00,260.000,260.00,0.00,260.00,13.00,273.00,1,
"Coffee Island HQ-27","2026-02-16","QR","DINE IN","649","FOOD","Sides","Sides","Truffle Parmesan Fries",1.00,1.00,310.000,310.00,0.00,310.00,15.50,325.50,1,
"Coffee Island HQ-27","2026-02-16","QR","DINE IN","711","FOOD","All Day Breakfast","Toasties","Islander Avo Broc Toast",2.00,2.00,490.000,980.00,0.00,980.00,49.00,1029.00,2,
"Coffee Island HQ-27","2026-02-16","QR","DINE IN","657","FOOD","All Day Breakfast","All Day Breakfast","Islander Eggs-Your Way - Omelette",1.00,1.00,450.000,450.00,0.00,450.00,22.50,472.50,1,
"Coffee Island HQ-27","2026-02-16","QR","DINE IN","87","BEVERAGES","Hot Beverages","Alternative Brews","Chemex",1.00,1.00,310.000,310.00,0.00,310.00,15.50,325.50,1,
"Coffee Island HQ-27","2026-02-16","QR","DINE IN","97","BEVERAGES","Hot Beverages","Hot Brews","Hot Latte Signature",1.00,1.00,240.000,240.00,0.00,240.00,12.00,252.00,1,
"Coffee Island HQ-27","2026-02-16","QR","DINE IN","106","BEVERAGES","Hot Beverages","Hot Brews","Cappuccino",2.00,2.00,230.000,460.00,57.50,402.50,20.13,422.63,2,
"Coffee Island HQ-27","2026-02-16","QR","DINE IN","389","BEVERAGES","Cold Beverages","Cold Brews","Bobastic Coconut Matcha",1.00,1.00,310.000,310.00,77.50,232.50,11.63,244.13,1,
"Coffee Island HQ-27","2026-02-16","QR","DINE IN","634","BEVERAGES","Hot Beverages","Hot Brews","Pistachio Cappuccino",1.00,1.00,280.000,280.00,0.00,280.00,14.00,294.00,1,
"Coffee Island HQ-27","2026-02-16","QR","DINE IN","90","BEVERAGES","Hot Beverages","Hot Brews","Cortado",1.00,1.00,230.000,230.00,0.00,230.00,11.50,241.50,1,
"Coffee Island HQ-27","2026-02-16","Swiggy","DELIVERY","50","BEVERAGES","Cold Beverages","Island Special-Cold","Iced Vietnamese Shakerato",1.00,1.00,340.000,340.00,110.44,229.56,11.48,241.04,1,
"Coffee Island HQ-27","2026-02-16","Swiggy","DELIVERY","15","BEVERAGES","Cold Beverages","Cold Brews","Iced Americano",3.00,3.00,280.000,840.00,420.00,420.00,21.00,441.00,3,
"Coffee Island HQ-27","2026-02-16","Swiggy","DELIVERY","45","BEVERAGES","Cold Beverages","Island Special-Cold","Mocha Espressione Cold",1.00,1.00,320.000,320.00,80.00,240.00,12.00,252.00,1,
"Coffee Island HQ-27","2026-02-16","Swiggy","DELIVERY","634","BEVERAGES","Hot Beverages","Hot Brews","Pistachio Cappuccino",1.00,1.00,280.000,280.00,80.00,200.00,10.00,210.00,1,
"Coffee Island HQ-27","2026-02-16","Swiggy","DELIVERY","11","BEVERAGES","Cold Beverages","Cold Brews","Islander Cold Coffee",12.00,12.00,328.333,3940.00,2050.00,1890.00,94.50,1984.50,8,
"Coffee Island HQ-27","2026-02-16","Swiggy","DELIVERY","97","BEVERAGES","Hot Beverages","Hot Brews","Hot Latte Signature",1.00,1.00,260.000,260.00,80.00,180.00,9.00,189.00,1,
"Coffee Island HQ-27","2026-02-16","Swiggy","DELIVERY","2","BEVERAGES","Cold Beverages","Cold Brews","Iced Latte Signature",2.00,2.00,352.500,705.00,292.06,412.94,20.65,433.59,2,
"Coffee Island HQ-27","2026-02-16","Swiggy","DELIVERY","115","BEVERAGES","Hot Beverages","Hot Chocolate","Signature Belgian Dark Hot Chocolate",7.00,7.00,310.000,2170.00,1100.50,1069.50,53.48,1122.98,7,
"Coffee Island HQ-27","2026-02-16","Swiggy","DELIVERY","99","BEVERAGES","Hot Beverages","Hot Brews","Americano",1.00,1.00,230.000,230.00,126.50,103.50,5.18,108.68,1,
"Coffee Island HQ-27","2026-02-16","Swiggy-Bolt Urgent","DELIVERY","106","BEVERAGES","Hot Beverages","Hot Brews","Cappuccino",3.00,3.00,266.667,800.00,400.00,400.00,20.00,420.00,3,
"Coffee Island HQ-27","2026-02-16","Swiggy-Bolt Urgent","DELIVERY","94","BEVERAGES","Hot Beverages","Hot Brews","Flat White",1.00,1.00,250.000,250.00,125.00,125.00,6.25,131.25,1,
"Coffee Island HQ-27","2026-02-16","Zomato","DELIVERY","94","BEVERAGES","Hot Beverages","Hot Brews","Flat White",2.00,2.00,300.000,600.00,300.00,300.00,15.00,315.00,2,
"Coffee Island HQ-27","2026-02-16","Zomato","DELIVERY","11","BEVERAGES","Cold Beverages","Cold Brews","Islander Cold Coffee",1.00,1.00,320.000,320.00,160.00,160.00,8.00,168.00,1,
"Coffee Island HQ-27","2026-02-16","Zomato","DELIVERY","722","FOOD","All Day Breakfast","All Day Breakfast","Decadent French Toast - Berry",1.00,1.00,440.000,440.00,33.95,406.05,20.30,426.35,1,
"Coffee Island HQ-27","2026-02-16","Zomato","DELIVERY","910","FOOD","Desserts","Tea Cakes","Choco Banana Tea Cake",1.00,1.00,275.000,275.00,0.00,275.00,13.75,288.75,1,
"Coffee Island HQ-27","2026-02-16","Zomato","DELIVERY","99","BEVERAGES","Hot Beverages","Hot Brews","Americano",1.00,1.00,230.000,230.00,115.00,115.00,5.75,120.75,1,
"Coffee Island HQ-27","2026-02-16","Zomato","DELIVERY","390","BEVERAGES","Cold Beverages","Cold Brews","Iced Vietnamese Matcha",1.00,1.00,340.000,340.00,26.24,313.76,15.69,329.45,1,
"Coffee Island HQ-27","2026-02-16","Zomato","DELIVERY","6","BEVERAGES","Cold Beverages","Cold Brews","Bobastic Coffeeccino",1.00,1.00,320.000,320.00,160.00,160.00,8.00,168.00,1,
"Coffee Island HQ-27","2026-02-16","Zomato","DELIVERY","634","BEVERAGES","Hot Beverages","Hot Brews","Pistachio Cappuccino",1.00,1.00,280.000,280.00,21.61,258.39,12.92,271.31,1,
"Coffee Island HQ-27","2026-02-16","Zomato","DELIVERY","106","BEVERAGES","Hot Beverages","Hot Brews","Cappuccino",3.00,3.00,266.667,800.00,400.00,400.00,20.00,420.00,3,
"Coffee Island HQ-27","2026-02-16","Zomato","DELIVERY","115","BEVERAGES","Hot Beverages","Hot Chocolate","Signature Belgian Dark Hot Chocolate",1.00,1.00,360.000,360.00,180.00,180.00,9.00,189.00,1,
"Coffee Island HQ-27","2026-02-16","Zomato","DELIVERY","2","BEVERAGES","Cold Beverages","Cold Brews","Iced Latte Signature",1.00,1.00,360.000,360.00,180.00,180.00,9.00,189.00,1,
"Coffee Island HQ-27","2026-02-16","Zomato","DELIVERY","715","FOOD","All Day Breakfast","All Day Breakfast","Islander Eggs-Your Way - Fried Eggs",1.00,1.00,495.000,495.00,38.20,456.80,22.84,479.64,1,
"Coffee Island AIPL","2026-02-16","POS","DINE IN","647","FOOD","Sides","Sides","Korean Spicy Fries",2.00,2.00,220.000,440.00,55.00,385.00,19.25,404.25,2,
"Coffee Island AIPL","2026-02-16","POS","DINE IN","714","FOOD","All Day Breakfast","All Day Breakfast","Islander Eggs-Your Way - Scrambled Eggs",1.00,1.00,450.000,450.00,112.50,337.50,16.88,354.38,1,
"Coffee Island AIPL","2026-02-16","POS","DINE IN","654","FOOD","Sides","Sides","Cheesy Garlic Bread",2.00,2.00,250.000,500.00,125.00,375.00,18.76,393.76,2,
"Coffee Island AIPL","2026-02-16","POS","DINE IN","50","BEVERAGES","Cold Beverages","Island Special-Cold","Iced Vietnamese Shakerato",3.00,3.00,310.000,930.00,77.50,852.50,42.63,895.13,3,
"Coffee Island AIPL","2026-02-16","POS","DINE IN","115","BEVERAGES","Hot Beverages","Hot Chocolate","Signature Belgian Dark Hot Chocolate",1.00,1.00,330.000,330.00,0.00,330.00,16.50,346.50,1,
"Coffee Island AIPL","2026-02-16","POS","DINE IN","695","FOOD","Main Course","Pizza","Italian Margherita Flatbread",1.00,1.00,390.000,390.00,97.50,292.50,14.63,307.13,1,
"Coffee Island AIPL","2026-02-16","POS","DINE IN","353","EMP MEAL","Emp Meal","Emp Meal","Emp Meal",6.00,6.00,0.000,0.00,0.00,0.00,0.00,0.00,3,
"Coffee Island AIPL","2026-02-16","POS","DINE IN","90","BEVERAGES","Hot Beverages","Hot Brews","Cortado",1.00,1.00,230.000,230.00,0.00,230.00,11.50,241.50,1,
"Coffee Island AIPL","2026-02-16","POS","DINE IN","284","BEVERAGES","Ready To Drink","Cold Brew","500 Ml Water Bottle",1.00,1.00,38.100,38.10,0.00,38.10,1.91,40.01,1,
"Coffee Island AIPL","2026-02-16","POS","DINE IN","2","BEVERAGES","Cold Beverages","Cold Brews","Iced Latte Signature",2.00,2.00,330.000,660.00,0.00,660.00,33.00,693.00,1,
"Coffee Island AIPL","2026-02-16","POS","DINE IN","49","BEVERAGES","Cold Beverages","Island Special-Cold","Freddo Cappuccino",1.00,1.00,290.000,290.00,72.50,217.50,10.88,228.38,1,
"Coffee Island AIPL","2026-02-16","POS","DINE IN","94","BEVERAGES","Hot Beverages","Hot Brews","Flat White",1.00,1.00,230.000,230.00,0.00,230.00,11.50,241.50,1,
"Coffee Island AIPL","2026-02-16","POS","DINE IN","634","BEVERAGES","Hot Beverages","Hot Brews","Pistachio Cappuccino",1.00,1.00,280.000,280.00,70.00,210.00,10.50,220.50,1,
"Coffee Island AIPL","2026-02-16","POS","DINE IN","657","FOOD","All Day Breakfast","All Day Breakfast","Islander Eggs-Your Way - Omelette",2.00,2.00,450.000,900.00,112.50,787.50,39.38,826.88,2,
"Coffee Island AIPL","2026-02-16","POS","DINE IN","11","BEVERAGES","Cold Beverages","Cold Brews","Islander Cold Coffee",6.00,6.00,290.000,1740.00,362.50,1377.50,68.90,1446.40,5,
"Coffee Island AIPL","2026-02-16","POS","DINE IN","688","FOOD","Main Course","Pasta","Italian Arrabbiata Penne - Veg",1.00,1.00,400.000,400.00,0.00,400.00,20.00,420.00,1,
"Coffee Island AIPL","2026-02-16","POS","DINE IN","99","BEVERAGES","Hot Beverages","Hot Brews","Americano",2.00,2.00,210.000,420.00,52.50,367.50,18.38,385.88,2,
"Coffee Island AIPL","2026-02-16","POS","DINE IN","680","FOOD","Desserts","Desserts","The Walnut Date Teacake",1.00,1.00,300.000,300.00,0.00,300.00,15.00,315.00,1,
"Coffee Island AIPL","2026-02-16","POS","DINE IN","106","BEVERAGES","Hot Beverages","Hot Brews","Cappuccino",2.00,2.00,230.000,460.00,0.00,460.00,23.00,483.00,2,
"Coffee Island AIPL","2026-02-16","POS","DINE IN","869","FOOD","All Day Breakfast","All Day Breakfast","Decadent French Toast - Classic Maple",1.00,1.00,400.000,400.00,100.00,300.00,15.00,315.00,1,
"Coffee Island AIPL","2026-02-16","POS","DINE IN","97","BEVERAGES","Hot Beverages","Hot Brews","Hot Latte Signature",4.00,4.00,240.000,960.00,60.00,900.00,45.00,945.00,3,
"Coffee Island AIPL","2026-02-16","POS","TAKEAWAY","2","BEVERAGES","Cold Beverages","Cold Brews","Iced Latte Signature",2.00,2.00,322.500,645.00,0.00,645.00,32.25,677.25,2,
"Coffee Island AIPL","2026-02-16","POS","TAKEAWAY","135","BEVERAGES","Hot Beverages","Island Special-Hot","Mocha Espressione Hot",2.00,2.00,260.000,520.00,0.00,520.00,26.00,546.00,1,
"Coffee Island AIPL","2026-02-16","POS","TAKEAWAY","642","BEVERAGES","Cold Beverages","Mojito","Orange Spark",1.00,1.00,230.000,230.00,0.00,230.00,11.50,241.50,1,
"Coffee Island AIPL","2026-02-16","POS","TAKEAWAY","115","BEVERAGES","Hot Beverages","Hot Chocolate","Signature Belgian Dark Hot Chocolate",1.00,1.00,280.000,280.00,0.00,280.00,14.00,294.00,1,
"Coffee Island AIPL","2026-02-16","POS","TAKEAWAY","11","BEVERAGES","Cold Beverages","Cold Brews","Islander Cold Coffee",2.00,2.00,290.000,580.00,0.00,580.00,29.00,609.00,2,
"Coffee Island AIPL","2026-02-16","POS","TAKEAWAY","365","BEVERAGES","Cold Beverages","Island Special-Cold","Java Chip Killer",1.00,1.00,365.000,365.00,0.00,365.00,18.25,383.25,1,
"Coffee Island AIPL","2026-02-16","POS","TAKEAWAY","92","BEVERAGES","Hot Beverages","Hot Brews","Espresso",1.00,1.00,190.000,190.00,0.00,190.00,9.50,199.50,1,
"Coffee Island AIPL","2026-02-16","QR","DINE IN","641","BEVERAGES","Cold Beverages","Mojito","Dark Berry",1.00,1.00,280.000,280.00,0.00,280.00,14.00,294.00,1,
"Coffee Island AIPL","2026-02-16","QR","DINE IN","46","BEVERAGES","Cold Beverages","Island Special-Cold","Orange Bumble Coffee",1.00,1.00,310.000,310.00,0.00,310.00,15.50,325.50,1,
"Coffee Island AIPL","2026-02-16","Swiggy","DELIVERY","687","FOOD","Main Course","Pasta","Three-Cheese Mac - Non Veg",1.00,1.00,495.000,495.00,125.00,370.00,18.50,388.50,1,
"Coffee Island AIPL","2026-02-16","Swiggy","DELIVERY","46","BEVERAGES","Cold Beverages","Island Special-Cold","Orange Bumble Coffee",1.00,1.00,340.000,340.00,123.64,216.36,10.82,227.18,1,
"Coffee Island AIPL","2026-02-16","Swiggy","DELIVERY","115","BEVERAGES","Hot Beverages","Hot Chocolate","Signature Belgian Dark Hot Chocolate",1.00,1.00,310.000,310.00,155.00,155.00,7.75,162.75,1,
"Coffee Island AIPL","2026-02-16","Swiggy","DELIVERY","50","BEVERAGES","Cold Beverages","Island Special-Cold","Iced Vietnamese Shakerato",1.00,1.00,340.000,340.00,98.35,241.65,12.08,253.73,1,
"Coffee Island AIPL","2026-02-16","Swiggy","DELIVERY","11","BEVERAGES","Cold Beverages","Cold Brews","Islander Cold Coffee",3.00,3.00,320.000,960.00,436.36,523.64,26.18,549.82,2,
"Coffee Island AIPL","2026-02-16","Swiggy","DELIVERY","365","BEVERAGES","Cold Beverages","Island Special-Cold","Java Chip Killer",1.00,1.00,360.000,360.00,104.14,255.86,12.79,268.65,1,
"Coffee Island AIPL","2026-02-16","Swiggy","DELIVERY","33","BEVERAGES","Cold Beverages","Iced Chocolate","Guilt-Free Iced Chocolate",1.00,1.00,350.000,350.00,80.00,270.00,13.50,283.50,1,
"Coffee Island AIPL","2026-02-16","Swiggy","DELIVERY","106","BEVERAGES","Hot Beverages","Hot Brews","Cappuccino",1.00,1.00,250.000,250.00,125.00,125.00,6.25,131.25,1,
"Coffee Island AIPL","2026-02-16","Swiggy","DELIVERY","99","BEVERAGES","Hot Beverages","Hot Brews","Americano",2.00,2.00,305.000,610.00,305.00,305.00,15.25,320.25,1,
"Coffee Island AIPL","2026-02-16","Zomato","DELIVERY","115","BEVERAGES","Hot Beverages","Hot Chocolate","Signature Belgian Dark Hot Chocolate",2.00,2.00,310.000,620.00,310.00,310.00,15.50,325.50,2,
"Coffee Island AIPL","2026-02-16","Zomato","DELIVERY","110","BEVERAGES","Hot Beverages","Hot Brews","Macchiato",1.00,1.00,230.000,230.00,39.90,190.10,9.51,199.61,1,
"Coffee Island AIPL","2026-02-16","Zomato","DELIVERY","648","FOOD","Sides","Sides","Cheesy Fries",1.00,1.00,297.000,297.00,38.51,258.49,12.92,271.41,1,
"Coffee Island AIPL","2026-02-16","Zomato","DELIVERY","2","BEVERAGES","Cold Beverages","Cold Brews","Iced Latte Signature",3.00,3.00,310.000,930.00,465.00,465.00,23.25,488.25,2,
"Coffee Island AIPL","2026-02-16","Zomato","DELIVERY","296","RETAIL","Beans & Powder","Beans","Single Estate Kenya (Beans)",1.00,1.00,375.420,375.42,0.00,375.42,18.77,394.19,1,
"Coffee Island AIPL","2026-02-16","Zomato","DELIVERY","15","BEVERAGES","Cold Beverages","Cold Brews","Iced Americano",4.00,4.00,336.250,1345.00,672.50,672.50,33.63,706.13,1,
"Coffee Island AIPL","2026-02-16","Zomato","DELIVERY","11","BEVERAGES","Cold Beverages","Cold Brews","Islander Cold Coffee",3.00,3.00,320.000,960.00,521.50,438.50,21.92,460.42,2,
"Coffee Island AIPL","2026-02-16","Zomato","DELIVERY","106","BEVERAGES","Hot Beverages","Hot Brews","Cappuccino",1.00,1.00,250.000,250.00,125.00,125.00,6.25,131.25,1,
"Coffee Island AIPL","2026-02-16","Zomato","DELIVERY","99","BEVERAGES","Hot Beverages","Hot Brews","Americano",1.00,1.00,230.000,230.00,115.00,115.00,5.75,120.75,1,
"Coffee Island AIPL","2026-02-16","Zomato","DELIVERY","6","BEVERAGES","Cold Beverages","Cold Brews","Bobastic Coffeeccino",1.00,1.00,370.000,370.00,217.10,152.90,7.65,160.55,1,
"Coffee Island - Amanora Mall","2026-02-16","POS","DINE IN","30","BEVERAGES","Cold Beverages","Iced Chocolate","Classic Iced Chocolate",1.00,1.00,270.000,270.00,0.00,270.00,13.50,283.50,1,
"Coffee Island - Amanora Mall","2026-02-16","POS","DINE IN","702","FOOD","Main Course","Sandwiches","Chilli Cheese Mushroom Melt",1.00,1.00,390.000,390.00,0.00,390.00,19.50,409.50,1,
"Coffee Island - Amanora Mall","2026-02-16","POS","DINE IN","333","BEVERAGES","ADDON","Choice of Milk","Regular - Milk -100g Default",1.00,1.00,0.000,0.00,0.00,0.00,0.00,0.00,1,
"Coffee Island - Amanora Mall","2026-02-16","POS","DINE IN","703","FOOD","Main Course","Sandwiches","Ham & Cheese Brioche Melt",2.00,2.00,450.000,900.00,0.00,900.00,45.00,945.00,2,
"Coffee Island - Amanora Mall","2026-02-16","POS","DINE IN","45","BEVERAGES","Cold Beverages","Island Special-Cold","Mocha Espressione Cold",1.00,1.00,290.000,290.00,0.00,290.00,14.50,304.50,1,
"Coffee Island - Amanora Mall","2026-02-16","POS","DINE IN","636","BEVERAGES","Cold Beverages","Cold Brews","Dubai Chocolate",1.00,1.00,330.000,330.00,0.00,330.00,16.50,346.50,1,
"Coffee Island - Amanora Mall","2026-02-16","POS","DINE IN","130","BEVERAGES","Hot Beverages","Hot Tea","Indian Masala Tea",1.00,1.00,210.000,210.00,0.00,210.00,10.50,220.50,1,
"Coffee Island - Amanora Mall","2026-02-16","POS","DINE IN","647","FOOD","Sides","Sides","Korean Spicy Fries",1.00,1.00,220.000,220.00,0.00,220.00,11.00,231.00,1,
"Coffee Island - Amanora Mall","2026-02-16","POS","DINE IN","389","BEVERAGES","Cold Beverages","Cold Brews","Bobastic Coconut Matcha",2.00,2.00,310.000,620.00,0.00,620.00,31.00,651.00,2,
"Coffee Island - Amanora Mall","2026-02-16","POS","DINE IN","15","BEVERAGES","Cold Beverages","Cold Brews","Iced Americano",1.00,1.00,335.000,335.00,0.00,335.00,16.75,351.75,1,
"Coffee Island - Amanora Mall","2026-02-16","POS","DINE IN","284","BEVERAGES","Ready To Drink","Cold Brew","500 Ml Water Bottle",3.00,3.00,38.100,114.30,0.00,114.30,5.72,120.02,2,
"Coffee Island - Amanora Mall","2026-02-16","POS","DINE IN","50","BEVERAGES","Cold Beverages","Island Special-Cold","Iced Vietnamese Shakerato",2.00,2.00,310.000,620.00,0.00,620.00,31.00,651.00,2,
"Coffee Island - Amanora Mall","2026-02-16","POS","DINE IN","99","BEVERAGES","Hot Beverages","Hot Brews","Americano",5.00,5.00,210.000,1050.00,0.00,1050.00,52.50,1102.50,4,
"Coffee Island - Amanora Mall","2026-02-16","POS","DINE IN","867","FOOD","Desserts","Desserts","Opera Slice",1.00,1.00,320.000,320.00,0.00,320.00,16.00,336.00,1,
"Coffee Island - Amanora Mall","2026-02-16","POS","DINE IN","129","BEVERAGES","Hot Beverages","Hot Tea","Chamomile Sunset Classic Tea",1.00,1.00,210.000,210.00,0.00,210.00,10.50,220.50,1,
"Coffee Island - Amanora Mall","2026-02-16","POS","DINE IN","378","FOOD","Desserts","Chocolate","Roasted Almond Chocolate",1.00,1.00,190.000,190.00,0.00,190.00,9.50,199.50,1,
"Coffee Island - Amanora Mall","2026-02-16","POS","DINE IN","648","FOOD","Sides","Sides","Cheesy Fries",1.00,1.00,270.000,270.00,0.00,270.00,13.50,283.50,1,
"Coffee Island - Amanora Mall","2026-02-16","POS","DINE IN","639","BEVERAGES","Smoothies and Shakes","Smoothies and Shakes","Avocado Smoothies",1.00,1.00,350.000,350.00,0.00,350.00,17.50,367.50,1,
"Coffee Island - Amanora Mall","2026-02-16","POS","DINE IN","456","FOOD","Breakfast Specials CIB","Breakfast Specials CIB","Breakfast Specials @ 299",1.00,1.00,299.000,299.00,0.00,299.00,14.95,313.95,1,
"Coffee Island - Amanora Mall","2026-02-16","POS","DINE IN","281","RETAIL","Snacks","Ready to Munch","Chocolate Cashew",1.00,1.00,128.570,128.57,0.00,128.57,6.43,135.00,1,
"Coffee Island - Amanora Mall","2026-02-16","POS","DINE IN","106","BEVERAGES","Hot Beverages","Hot Brews","Cappuccino",4.00,4.00,242.500,970.00,69.00,901.00,45.05,946.05,4,
"Coffee Island - Amanora Mall","2026-02-16","POS","DINE IN","62","BEVERAGES","Cold Beverages","Overnight Brew","Overnite Espresso Brew (Classic)",1.00,1.00,310.000,310.00,0.00,310.00,15.50,325.50,1,
"Coffee Island - Amanora Mall","2026-02-16","POS","DINE IN","11","BEVERAGES","Cold Beverages","Cold Brews","Islander Cold Coffee",4.00,4.00,290.000,1160.00,0.00,1160.00,58.00,1218.00,4,
"Coffee Island - Amanora Mall","2026-02-16","POS","DINE IN","97","BEVERAGES","Hot Beverages","Hot Brews","Hot Latte Signature",3.00,3.00,240.000,720.00,24.00,696.00,34.80,730.80,2,
"Coffee Island - Amanora Mall","2026-02-16","POS","DINE IN","365","BEVERAGES","Cold Beverages","Island Special-Cold","Java Chip Killer",2.00,2.00,330.000,660.00,0.00,660.00,33.00,693.00,2,
"Coffee Island - Amanora Mall","2026-02-16","POS","DINE IN","643","BEVERAGES","Cold Beverages","Mojito","Zesty Mango",1.00,1.00,230.000,230.00,0.00,230.00,11.50,241.50,1,
"Coffee Island - Amanora Mall","2026-02-16","POS","DINE IN","353","EMP MEAL","Emp Meal","Emp Meal","Emp Meal",7.00,7.00,0.000,0.00,0.00,0.00,0.00,0.00,7,
"Coffee Island - Amanora Mall","2026-02-16","POS","DINE IN","693","FOOD","Main Course","Pizza","Basil Pesto Veggie Flatbread",1.00,1.00,450.000,450.00,0.00,450.00,22.50,472.50,1,
"Coffee Island - Amanora Mall","2026-02-16","POS","DINE IN","638","BEVERAGES","Smoothies and Shakes","Smoothies and Shakes","Berry Blast Smoothies",1.00,1.00,330.000,330.00,0.00,330.00,16.50,346.50,1,
"Coffee Island - Amanora Mall","2026-02-16","POS","DINE IN","46","BEVERAGES","Cold Beverages","Island Special-Cold","Orange Bumble Coffee",1.00,1.00,310.000,310.00,0.00,310.00,15.50,325.50,1,
"Coffee Island - Amanora Mall","2026-02-16","POS","DINE IN","694","FOOD","Main Course","Pizza","Chicken Jalapeno Melt Flatbread",1.00,1.00,420.000,420.00,0.00,420.00,21.00,441.00,1,
"Coffee Island - Amanora Mall","2026-02-16","POS","DINE IN","620","EMP MEAL","Emp_Bev","Emp_Bev","Latte(emp)",4.00,4.00,0.000,0.00,0.00,0.00,0.00,0.00,4,
"Coffee Island - Amanora Mall","2026-02-16","POS","TAKEAWAY","136","BEVERAGES","Hot Beverages","Island Special-Hot","Spanish Bombon",1.00,1.00,310.000,310.00,30.48,279.52,13.98,293.50,1,
"Coffee Island - Amanora Mall","2026-02-16","POS","TAKEAWAY","97","BEVERAGES","Hot Beverages","Hot Brews","Hot Latte Signature",2.00,2.00,290.000,580.00,28.52,551.48,27.57,579.05,2,
"Coffee Island - Amanora Mall","2026-02-16","POS","TAKEAWAY","50","BEVERAGES","Cold Beverages","Island Special-Cold","Iced Vietnamese Shakerato",1.00,1.00,310.000,310.00,0.00,310.00,15.50,325.50,1,
"Coffee Island - Amanora Mall","2026-02-16","POS","TAKEAWAY","11","BEVERAGES","Cold Beverages","Cold Brews","Islander Cold Coffee",2.00,2.00,290.000,580.00,0.00,580.00,29.00,609.00,1,
"Coffee Island - Amanora Mall","2026-02-16","QR","DINE IN","106","BEVERAGES","Hot Beverages","Hot Brews","Cappuccino",1.00,1.00,230.000,230.00,25.84,204.16,10.21,214.37,1,
"Coffee Island - Amanora Mall","2026-02-16","QR","DINE IN","15","BEVERAGES","Cold Beverages","Cold Brews","Iced Americano",2.00,2.00,250.000,500.00,0.00,500.00,25.00,525.00,2,
"Coffee Island - Amanora Mall","2026-02-16","QR","DINE IN","644","BEVERAGES","Cold Beverages","Mojito","Fresh Mint",1.00,1.00,230.000,230.00,25.84,204.16,10.21,214.37,1,
"Coffee Island - Amanora Mall","2026-02-16","QR","DINE IN","97","BEVERAGES","Hot Beverages","Hot Brews","Hot Latte Signature",2.00,2.00,257.500,515.00,82.50,432.50,21.63,454.13,2,
"Coffee Island - Amanora Mall","2026-02-16","QR","DINE IN","368","BEVERAGES","Hot Beverages","Hot Brews","Ibrik Coffee",1.00,1.00,335.000,335.00,0.00,335.00,16.75,351.75,1,
"Coffee Island - Amanora Mall","2026-02-16","QR","DINE IN","646","FOOD","Sides","Sides","Classic Fries",1.00,1.00,190.000,190.00,21.35,168.65,8.43,177.08,1,
"Coffee Island - Amanora Mall","2026-02-16","QR","DINE IN","719","FOOD","All Day Breakfast","All Day Breakfast","Fluffy Cafe Pancakes - Berry",2.00,2.00,380.000,760.00,114.00,646.00,32.30,678.30,2,
"Coffee Island - Amanora Mall","2026-02-16","QR","DINE IN","684","FOOD","Main Course","Pasta","Spaghetti Aglio Olio - Veg",1.00,1.00,410.000,410.00,0.00,410.00,20.50,430.50,1,
"Coffee Island - Amanora Mall","2026-02-16","QR","DINE IN","61","BEVERAGES","Cold Beverages","Overnight Brew","Overnite Espresso Brew (Vietnamese)",1.00,1.00,310.000,310.00,0.00,310.00,15.50,325.50,1,
"Coffee Island - Amanora Mall","2026-02-16","QR","DINE IN","39","BEVERAGES","Cold Beverages","Iced Chocolate","Hazelnut Iced Chocolate",2.00,2.00,270.000,540.00,0.00,540.00,27.00,567.00,2,
"Coffee Island - Amanora Mall","2026-02-16","QR","DINE IN","124","BEVERAGES","Hot Beverages","Hot Chocolate","Hazelnut Hot Chocolate",2.00,2.00,280.000,560.00,0.00,560.00,28.00,588.00,1,
"Coffee Island - Amanora Mall","2026-02-16","QR","DINE IN","122","BEVERAGES","Hot Beverages","Hot Chocolate","Guilt-Free Hot Chocolate",2.00,2.00,305.000,610.00,0.00,610.00,30.50,640.50,2,
"Coffee Island - Amanora Mall","2026-02-16","QR","DINE IN","6","BEVERAGES","Cold Beverages","Cold Brews","Bobastic Coffeeccino",1.00,1.00,290.000,290.00,0.00,290.00,14.50,304.50,1,
"Coffee Island - Amanora Mall","2026-02-16","QR","DINE IN","709","FOOD","All Day Breakfast","All Day Breakfast","French Butter Croissant (CIB)",1.00,1.00,190.000,190.00,0.00,190.00,9.50,199.50,1,
"Coffee Island - Amanora Mall","2026-02-16","QR","DINE IN","634","BEVERAGES","Hot Beverages","Hot Brews","Pistachio Cappuccino",1.00,1.00,280.000,280.00,0.00,280.00,14.00,294.00,1,
"Coffee Island - Amanora Mall","2026-02-16","QR","DINE IN","633","BEVERAGES","Hot Beverages","Hot Brews","Spiced Hot Chocolate",1.00,1.00,280.000,280.00,0.00,280.00,14.00,294.00,1,
"Coffee Island - Amanora Mall","2026-02-16","QR","DINE IN","129","BEVERAGES","Hot Beverages","Hot Tea","Chamomile Sunset Classic Tea",1.00,1.00,210.000,210.00,0.00,210.00,10.50,220.50,1,
"Coffee Island - Amanora Mall","2026-02-16","QR","DINE IN","678","FOOD","Desserts","Desserts","Pistachio Croissant",4.00,4.00,250.000,1000.00,0.00,1000.00,50.00,1050.00,3,
"Coffee Island - Amanora Mall","2026-02-16","QR","DINE IN","86","BEVERAGES","Hot Beverages","Alternative Brews","Island Pour Over",1.00,1.00,310.000,310.00,34.83,275.17,13.76,288.93,1,
"Coffee Island - Amanora Mall","2026-02-16","QR","DINE IN","45","BEVERAGES","Cold Beverages","Island Special-Cold","Mocha Espressione Cold",1.00,1.00,290.000,290.00,0.00,290.00,14.50,304.50,1,
"Coffee Island - Amanora Mall","2026-02-16","QR","DINE IN","99","BEVERAGES","Hot Beverages","Hot Brews","Americano",3.00,3.00,235.000,705.00,0.00,705.00,35.25,740.25,2,
"Coffee Island - Amanora Mall","2026-02-16","QR","DINE IN","647","FOOD","Sides","Sides","Korean Spicy Fries",2.00,2.00,220.000,440.00,24.72,415.28,20.76,436.04,2,
"Coffee Island - Amanora Mall","2026-02-16","QR","DINE IN","417","BEVERAGES","Cold Beverages","Refresh","Bobastic Passionfruit Green Tea",1.00,1.00,270.000,270.00,0.00,270.00,13.50,283.50,1,
"Coffee Island - Amanora Mall","2026-02-16","QR","DINE IN","679","FOOD","Desserts","Desserts","French Pain Au Chocolat",1.00,1.00,250.000,250.00,0.00,250.00,12.50,262.50,1,
"Coffee Island - Amanora Mall","2026-02-16","QR","DINE IN","136","BEVERAGES","Hot Beverages","Island Special-Hot","Spanish Bombon",2.00,2.00,310.000,620.00,34.83,585.17,29.26,614.43,2,
"Coffee Island - Amanora Mall","2026-02-16","QR","DINE IN","11","BEVERAGES","Cold Beverages","Cold Brews","Islander Cold Coffee",4.00,4.00,298.750,1195.00,130.08,1064.92,53.25,1118.17,3,
"Coffee Island - Amanora Mall","2026-02-16","Swiggy","DELIVERY","45","BEVERAGES","Cold Beverages","Island Special-Cold","Mocha Espressione Cold",1.00,1.00,370.000,370.00,128.70,241.30,12.07,253.37,1,
"Coffee Island - Amanora Mall","2026-02-16","Swiggy","DELIVERY","11","BEVERAGES","Cold Beverages","Cold Brews","Islander Cold Coffee",2.00,2.00,320.000,640.00,271.30,368.70,18.44,387.14,2,
"Coffee Island - Amanora Mall","2026-02-16","Zomato","DELIVERY","11","BEVERAGES","Cold Beverages","Cold Brews","Islander Cold Coffee",1.00,1.00,320.000,320.00,160.00,160.00,8.00,168.00,1,
"Coffee Island - Amanora Mall","2026-02-16","Zomato","DELIVERY","6","BEVERAGES","Cold Beverages","Cold Brews","Bobastic Coffeeccino",1.00,1.00,320.000,320.00,160.00,160.00,8.00,168.00,1,
"Coffee Island - Amanora Mall","2026-02-16","Zomato","DELIVERY","15","BEVERAGES","Cold Beverages","Cold Brews","Iced Americano",1.00,1.00,280.000,280.00,140.00,140.00,7.00,147.00,1,
"Coffee Island - Amanora Mall","2026-02-16","Zomato","DELIVERY","702","FOOD","Main Course","Sandwiches","Chilli Cheese Mushroom Melt",1.00,1.00,429.000,429.00,128.70,300.30,15.02,315.32,1,
"Coffee Island - Tribeca Pune","2026-02-16","POS","DINE IN","106","BEVERAGES","Hot Beverages","Hot Brews","Cappuccino",4.00,4.00,230.000,920.00,79.00,841.00,42.05,883.05,3,
"Coffee Island - Tribeca Pune","2026-02-16","POS","DINE IN","2","BEVERAGES","Cold Beverages","Cold Brews","Iced Latte Signature",1.00,1.00,315.000,315.00,0.00,315.00,15.75,330.75,1,
"Coffee Island - Tribeca Pune","2026-02-16","POS","DINE IN","304","RETAIL","Merch","Tote Bag","Island's Tote Bag.",1.00,1.00,151.430,151.43,30.29,121.14,6.06,127.20,1,
"Coffee Island - Tribeca Pune","2026-02-16","POS","DINE IN","885","FOOD","All Day Meal","All Day Meal","The Walnut Date Teacake & Cappuccino",3.00,3.00,199.000,597.00,0.00,597.00,29.85,626.85,3,
"Coffee Island - Tribeca Pune","2026-02-16","POS","DINE IN","135","BEVERAGES","Hot Beverages","Island Special-Hot","Mocha Espressione Hot",1.00,1.00,260.000,260.00,65.00,195.00,9.75,204.75,1,
"Coffee Island - Tribeca Pune","2026-02-16","POS","DINE IN","897","FOOD","All Day Meal","All Day Meal","The Walnut Date Teacake & Hot Latte Signature",1.00,1.00,199.000,199.00,0.00,199.00,9.95,208.95,1,
"Coffee Island - Tribeca Pune","2026-02-16","POS","DINE IN","867","FOOD","Desserts","Desserts","Opera Slice",1.00,1.00,320.000,320.00,0.00,320.00,16.00,336.00,1,
"Coffee Island - Tribeca Pune","2026-02-16","POS","DINE IN","695","FOOD","Main Course","Pizza","Italian Margherita Flatbread",1.00,1.00,390.000,390.00,0.00,390.00,19.50,409.50,1,
"Coffee Island - Tribeca Pune","2026-02-16","POS","DINE IN","890","FOOD","All Day Meal","All Day Meal","French Butter Croissant & Americano",1.00,1.00,199.000,199.00,0.00,199.00,9.95,208.95,1,
"Coffee Island - Tribeca Pune","2026-02-16","POS","DINE IN","52","BEVERAGES","Smoothies and Shakes","Smoothies and Shakes","Double Chocolate Indulgent Milkshake",1.00,1.00,270.000,270.00,0.00,270.00,13.50,283.50,1,
"Coffee Island - Tribeca Pune","2026-02-16","POS","DINE IN","899","FOOD","All Day Meal","All Day Meal","Belgian Chocolate fudge brownie & Hot Latte Signature",1.00,1.00,199.000,199.00,0.00,199.00,9.95,208.95,1,
"Coffee Island - Tribeca Pune","2026-02-16","POS","DINE IN","88","BEVERAGES","Hot Beverages","Alternative Brews","Aero Press",1.00,1.00,310.000,310.00,0.00,310.00,15.50,325.50,1,
"Coffee Island - Tribeca Pune","2026-02-16","POS","DINE IN","284","BEVERAGES","Ready To Drink","Cold Brew","500 Ml Water Bottle",4.00,4.00,38.100,152.40,0.00,152.40,7.64,160.04,4,
"Coffee Island - Tribeca Pune","2026-02-16","POS","DINE IN","888","FOOD","All Day Meal","All Day Meal","Belgian Chocolate Fudge Brownie & Cappuccino",3.00,3.00,199.000,597.00,0.00,597.00,29.85,626.85,3,
"Coffee Island - Tribeca Pune","2026-02-16","POS","DINE IN","698","FOOD","Main Course","Rice Bowl","Asian Hot Garlic Rice Bowl - Paneer",1.00,1.00,400.000,400.00,0.00,400.00,20.00,420.00,1,
"Coffee Island - Tribeca Pune","2026-02-16","POS","DINE IN","680","FOOD","Desserts","Desserts","The Walnut Date Teacake",1.00,1.00,300.000,300.00,75.00,225.00,11.25,236.25,1,
"Coffee Island - Tribeca Pune","2026-02-16","POS","DINE IN","115","BEVERAGES","Hot Beverages","Hot Chocolate","Signature Belgian Dark Hot Chocolate",2.00,2.00,280.000,560.00,140.00,420.00,21.00,441.00,1,
"Coffee Island - Tribeca Pune","2026-02-16","POS","DINE IN","99","BEVERAGES","Hot Beverages","Hot Brews","Americano",2.00,2.00,210.000,420.00,0.00,420.00,21.00,441.00,2,
"Coffee Island - Tribeca Pune","2026-02-16","POS","DINE IN","45","BEVERAGES","Cold Beverages","Island Special-Cold","Mocha Espressione Cold",1.00,1.00,290.000,290.00,0.00,290.00,14.50,304.50,1,
"Coffee Island - Tribeca Pune","2026-02-16","POS","DINE IN","50","BEVERAGES","Cold Beverages","Island Special-Cold","Iced Vietnamese Shakerato",1.00,1.00,310.000,310.00,73.00,237.00,11.85,248.85,1,
"Coffee Island - Tribeca Pune","2026-02-16","POS","DINE IN","8","BEVERAGES","Cold Beverages","Cold Brews","Gelato Affogato",1.00,1.00,345.000,345.00,0.00,345.00,17.25,362.25,1,
"Coffee Island - Tribeca Pune","2026-02-16","POS","DINE IN","898","FOOD","All Day Meal","All Day Meal","French Butter Croissant & Hot Latte Signature",2.00,2.00,199.000,398.00,49.75,348.25,17.41,365.66,2,
"Coffee Island - Tribeca Pune","2026-02-16","POS","DINE IN","353","EMP MEAL","Emp Meal","Emp Meal","Emp Meal",4.00,4.00,0.000,0.00,0.00,0.00,0.00,0.00,2,
"Coffee Island - Tribeca Pune","2026-02-16","POS","DINE IN","78","BEVERAGES","Cold Beverages","Refresh","Bobastic Peach Paradise Refresh Tea",1.00,1.00,270.000,270.00,67.50,202.50,10.13,212.63,1,
"Coffee Island - Tribeca Pune","2026-02-16","POS","DINE IN","644","BEVERAGES","Cold Beverages","Mojito","Fresh Mint",1.00,1.00,230.000,230.00,0.00,230.00,11.50,241.50,1,
"Coffee Island - Tribeca Pune","2026-02-16","POS","DINE IN","11","BEVERAGES","Cold Beverages","Cold Brews","Islander Cold Coffee",7.00,7.00,297.143,2080.00,58.00,2022.00,101.10,2123.10,6,
"Coffee Island - Tribeca Pune","2026-02-16","POS","DINE IN","46","BEVERAGES","Cold Beverages","Island Special-Cold","Orange Bumble Coffee",1.00,1.00,310.000,310.00,0.00,310.00,15.50,325.50,1,
"Coffee Island - Tribeca Pune","2026-02-16","POS","DINE IN","635","BEVERAGES","Cold Beverages","Cold Brews","Iced Latte Pistachio",1.00,1.00,310.000,310.00,0.00,310.00,15.50,325.50,1,
"Coffee Island - Tribeca Pune","2026-02-16","POS","DINE IN","365","BEVERAGES","Cold Beverages","Island Special-Cold","Java Chip Killer",3.00,3.00,341.667,1025.00,0.00,1025.00,51.25,1076.25,3,
"Coffee Island - Tribeca Pune","2026-02-16","POS","DINE IN","636","BEVERAGES","Cold Beverages","Cold Brews","Dubai Chocolate",1.00,1.00,330.000,330.00,0.00,330.00,16.50,346.50,1,
"Coffee Island - Tribeca Pune","2026-02-16","POS","TAKEAWAY","106","BEVERAGES","Hot Beverages","Hot Brews","Cappuccino",1.00,1.00,230.000,230.00,0.00,230.00,11.50,241.50,1,
"Coffee Island - Tribeca Pune","2026-02-16","Swiggy","DELIVERY","106","BEVERAGES","Hot Beverages","Hot Brews","Cappuccino",3.00,3.00,283.333,850.00,424.99,425.01,21.25,446.26,2,
"Coffee Island - Tribeca Pune","2026-02-16","Zomato","DELIVERY","94","BEVERAGES","Hot Beverages","Hot Brews","Flat White",1.00,1.00,250.000,250.00,125.00,125.00,6.25,131.25,1,
"Coffee Island - Tribeca Pune","2026-02-16","Zomato","DELIVERY","2","BEVERAGES","Cold Beverages","Cold Brews","Iced Latte Signature",1.00,1.00,310.000,310.00,155.00,155.00,7.75,162.75,1,
"Coffee Island - Tribeca Pune","2026-02-16","Zomato","DELIVERY","390","BEVERAGES","Cold Beverages","Cold Brews","Iced Vietnamese Matcha",1.00,1.00,340.000,340.00,0.00,340.00,17.00,357.00,1,
"Coffee Island - Tribeca Pune","2026-02-16","Zomato","DELIVERY","106","BEVERAGES","Hot Beverages","Hot Brews","Cappuccino",2.00,2.00,300.000,600.00,300.00,300.00,15.00,315.00,1,
"Coffee Island - Tribeca Pune","2026-02-16","Zomato","DELIVERY","78","BEVERAGES","Cold Beverages","Refresh","Bobastic Peach Paradise Refresh Tea",1.00,1.00,350.000,350.00,0.00,350.00,17.50,367.50,1,
"Coffee Island - Tribeca Pune","2026-02-16","Zomato","DELIVERY","11","BEVERAGES","Cold Beverages","Cold Brews","Islander Cold Coffee",1.00,1.00,320.000,320.00,160.00,160.00,8.00,168.00,1,
"Coffee Island Eros Churchgate - Mumbai","2026-02-16","POS","DINE IN","638","BEVERAGES","Smoothies and Shakes","Smoothies and Shakes","Berry Blast Smoothies",1.00,1.00,330.000,330.00,0.00,330.00,16.50,346.50,1,
"Coffee Island Eros Churchgate - Mumbai","2026-02-16","POS","DINE IN","718","FOOD","All Day Breakfast","All Day Breakfast","Fluffy Cafe Pancakes - Nutella",1.00,1.00,390.000,390.00,0.00,390.00,19.50,409.50,1,
"Coffee Island Eros Churchgate - Mumbai","2026-02-16","POS","DINE IN","684","FOOD","Main Course","Pasta","Spaghetti Aglio Olio - Veg",1.00,1.00,420.000,420.00,0.00,420.00,21.00,441.00,1,
"Coffee Island Eros Churchgate - Mumbai","2026-02-16","POS","DINE IN","685","FOOD","Main Course","Pasta","Spaghetti Aglio Olio - Non Veg",1.00,1.00,460.000,460.00,0.00,460.00,23.00,483.00,1,
"Coffee Island Eros Churchgate - Mumbai","2026-02-16","POS","DINE IN","94","BEVERAGES","Hot Beverages","Hot Brews","Flat White",6.00,6.00,255.833,1535.00,264.53,1270.47,63.52,1333.99,5,
"Coffee Island Eros Churchgate - Mumbai","2026-02-16","POS","DINE IN","686","FOOD","Main Course","Pasta","Three-Cheese Mac - Veg",1.00,1.00,410.000,410.00,0.00,410.00,20.50,430.50,1,
"Coffee Island Eros Churchgate - Mumbai","2026-02-16","POS","DINE IN","99","BEVERAGES","Hot Beverages","Hot Brews","Americano",3.00,3.00,235.000,705.00,0.00,705.00,35.25,740.25,3,
"Coffee Island Eros Churchgate - Mumbai","2026-02-16","POS","DINE IN","163","BEVERAGES","ADDON","Choice Ice Cream","Vanilla Ice Cream @50",1.00,1.00,50.000,50.00,0.00,50.00,2.50,52.50,1,
"Coffee Island Eros Churchgate - Mumbai","2026-02-16","POS","DINE IN","650","FOOD","Sides","Sides","Cafe Nacho Trio",1.00,1.00,260.000,260.00,0.00,260.00,13.00,273.00,1,
"Coffee Island Eros Churchgate - Mumbai","2026-02-16","POS","DINE IN","45","BEVERAGES","Cold Beverages","Island Special-Cold","Mocha Espressione Cold",1.00,1.00,290.000,290.00,0.00,290.00,14.50,304.50,1,
"Coffee Island Eros Churchgate - Mumbai","2026-02-16","POS","DINE IN","881","FOOD","Main Course","Pasta","Mac & Cheese (Pure Jain)",1.00,1.00,410.000,410.00,107.63,302.37,15.12,317.49,1,
"Coffee Island Eros Churchgate - Mumbai","2026-02-16","POS","DINE IN","698","FOOD","Main Course","Rice Bowl","Asian Hot Garlic Rice Bowl - Paneer",1.00,1.00,410.000,410.00,0.00,410.00,20.50,430.50,1,
"Coffee Island Eros Churchgate - Mumbai","2026-02-16","POS","DINE IN","2","BEVERAGES","Cold Beverages","Cold Brews","Iced Latte Signature",4.00,4.00,280.000,1120.00,8.91,1111.09,55.55,1166.64,4,
"Coffee Island Eros Churchgate - Mumbai","2026-02-16","POS","DINE IN","643","BEVERAGES","Cold Beverages","Mojito","Zesty Mango",1.00,1.00,230.000,230.00,0.00,230.00,11.50,241.50,1,
"Coffee Island Eros Churchgate - Mumbai","2026-02-16","POS","DINE IN","651","FOOD","Sides","Sides","K-Spice Paneer Bites",2.00,2.00,340.000,680.00,54.40,625.60,31.28,656.88,2,
"Coffee Island Eros Churchgate - Mumbai","2026-02-16","POS","DINE IN","641","BEVERAGES","Cold Beverages","Mojito","Dark Berry",2.00,2.00,230.000,460.00,0.00,460.00,23.00,483.00,2,
"Coffee Island Eros Churchgate - Mumbai","2026-02-16","POS","DINE IN","115","BEVERAGES","Hot Beverages","Hot Chocolate","Signature Belgian Dark Hot Chocolate",1.00,1.00,280.000,280.00,44.80,235.20,11.76,246.96,1,
"Coffee Island Eros Churchgate - Mumbai","2026-02-16","POS","DINE IN","106","BEVERAGES","Hot Beverages","Hot Brews","Cappuccino",11.00,11.00,230.000,2530.00,11.00,2519.00,125.95,2644.95,10,
"Coffee Island Eros Churchgate - Mumbai","2026-02-16","POS","DINE IN","724","FOOD","Main Course","Rice Bowl","Asian Hot Garlic Rice Bowl - Chicken",1.00,1.00,460.000,460.00,0.00,460.00,23.00,483.00,1,
"Coffee Island Eros Churchgate - Mumbai","2026-02-16","POS","DINE IN","694","FOOD","Main Course","Pizza","Chicken Jalapeno Melt Flatbread",1.00,1.00,430.000,430.00,0.00,430.00,21.50,451.50,1,
"Coffee Island Eros Churchgate - Mumbai","2026-02-16","POS","DINE IN","681","FOOD","Desserts","Desserts","New York-Style Cheesecake - Nutella",2.00,2.00,360.000,720.00,0.00,720.00,36.00,756.00,2,
"Coffee Island Eros Churchgate - Mumbai","2026-02-16","POS","DINE IN","6","BEVERAGES","Cold Beverages","Cold Brews","Bobastic Coffeeccino",1.00,1.00,290.000,290.00,0.00,290.00,14.50,304.50,1,
"Coffee Island Eros Churchgate - Mumbai","2026-02-16","POS","DINE IN","284","BEVERAGES","Ready To Drink","Cold Brew","500 Ml Water Bottle",2.00,2.00,38.100,76.20,0.00,76.20,3.82,80.02,2,
"Coffee Island Eros Churchgate - Mumbai","2026-02-16","POS","DINE IN","695","FOOD","Main Course","Pizza","Italian Margherita Flatbread",1.00,1.00,400.000,400.00,0.00,400.00,20.00,420.00,1,
"Coffee Island Eros Churchgate - Mumbai","2026-02-16","POS","DINE IN","662","FOOD","All Day Breakfast","All Day Breakfast","The Islander Veg Breakfast Plate",1.00,1.00,430.000,430.00,0.00,430.00,21.50,451.50,1,
"Coffee Island Eros Churchgate - Mumbai","2026-02-16","POS","DINE IN","365","BEVERAGES","Cold Beverages","Island Special-Cold","Java Chip Killer",4.00,4.00,330.000,1320.00,0.00,1320.00,66.00,1386.00,4,
"Coffee Island Eros Churchgate - Mumbai","2026-02-16","POS","DINE IN","92","BEVERAGES","Hot Beverages","Hot Brews","Espresso",1.00,1.00,190.000,190.00,0.00,190.00,9.50,199.50,1,
"Coffee Island Eros Churchgate - Mumbai","2026-02-16","POS","DINE IN","867","FOOD","Desserts","Desserts","Opera Slice",1.00,1.00,330.000,330.00,0.00,330.00,16.50,346.50,1,
"Coffee Island Eros Churchgate - Mumbai","2026-02-16","POS","DINE IN","680","FOOD","Desserts","Desserts","The Walnut Date Teacake",2.00,2.00,310.000,620.00,0.00,620.00,31.00,651.00,2,
"Coffee Island Eros Churchgate - Mumbai","2026-02-16","POS","DINE IN","39","BEVERAGES","Cold Beverages","Iced Chocolate","Hazelnut Iced Chocolate",1.00,1.00,270.000,270.00,0.00,270.00,13.50,283.50,1,
"Coffee Island Eros Churchgate - Mumbai","2026-02-16","POS","DINE IN","647","FOOD","Sides","Sides","Korean Spicy Fries",2.00,2.00,230.000,460.00,60.38,399.62,19.98,419.60,2,
"Coffee Island Eros Churchgate - Mumbai","2026-02-16","POS","DINE IN","97","BEVERAGES","Hot Beverages","Hot Brews","Hot Latte Signature",3.00,3.00,240.000,720.00,57.00,663.00,33.15,696.15,3,
"Coffee Island Eros Churchgate - Mumbai","2026-02-16","POS","DINE IN","712","FOOD","All Day Breakfast","Toasties","Islander Avo Broc Egg Toast",1.00,1.00,580.000,580.00,0.00,580.00,29.00,609.00,1,
"Coffee Island Eros Churchgate - Mumbai","2026-02-16","POS","DINE IN","129","BEVERAGES","Hot Beverages","Hot Tea","Chamomile Sunset Classic Tea",3.00,3.00,210.000,630.00,0.00,630.00,31.50,661.50,2,
"Coffee Island Eros Churchgate - Mumbai","2026-02-16","POS","DINE IN","52","BEVERAGES","Smoothies and Shakes","Smoothies and Shakes","Double Chocolate Indulgent Milkshake",1.00,1.00,270.000,270.00,0.00,270.00,13.50,283.50,1,
"Coffee Island Eros Churchgate - Mumbai","2026-02-16","POS","DINE IN","865","FOOD","All Day Breakfast","All Day Breakfast","Islander Masala Omelette",1.00,1.00,360.000,360.00,0.00,360.00,18.00,378.00,1,
"Coffee Island Eros Churchgate - Mumbai","2026-02-16","POS","DINE IN","709","FOOD","All Day Breakfast","All Day Breakfast","French Butter Croissant (CIB)",1.00,1.00,200.000,200.00,0.00,200.00,10.00,210.00,1,
"Coffee Island Eros Churchgate - Mumbai","2026-02-16","POS","DINE IN","678","FOOD","Desserts","Desserts","Pistachio Croissant",1.00,1.00,260.000,260.00,0.00,260.00,13.00,273.00,1,
"Coffee Island Eros Churchgate - Mumbai","2026-02-16","POS","DINE IN","390","BEVERAGES","Cold Beverages","Cold Brews","Iced Vietnamese Matcha",1.00,1.00,310.000,310.00,49.60,260.40,13.02,273.42,1,
"Coffee Island Eros Churchgate - Mumbai","2026-02-16","POS","DINE IN","862","FOOD","Desserts","Desserts","New York-Style Cheesecake - Berry",2.00,2.00,360.000,720.00,0.00,720.00,36.00,756.00,2,
"Coffee Island Eros Churchgate - Mumbai","2026-02-16","POS","DINE IN","139","BEVERAGES","ADDON","Choice of Beans","Kenya Blend @35",1.00,1.00,35.000,35.00,17.47,17.53,0.88,18.41,1,
"Coffee Island Eros Churchgate - Mumbai","2026-02-16","POS","DINE IN","15","BEVERAGES","Cold Beverages","Cold Brews","Iced Americano",3.00,3.00,275.000,825.00,0.00,825.00,41.25,866.25,3,
"Coffee Island Eros Churchgate - Mumbai","2026-02-16","POS","DINE IN","679","FOOD","Desserts","Desserts","French Pain Au Chocolat",2.00,2.00,250.000,500.00,0.00,500.00,25.00,525.00,2,
"Coffee Island Eros Churchgate - Mumbai","2026-02-16","POS","DINE IN","353","EMP MEAL","Emp Meal","Emp Meal","Emp Meal",17.00,17.00,0.000,0.00,0.00,0.00,0.00,0.00,10,
"Coffee Island Eros Churchgate - Mumbai","2026-02-16","POS","DINE IN","136","BEVERAGES","Hot Beverages","Island Special-Hot","Spanish Bombon",1.00,1.00,310.000,310.00,0.00,310.00,15.50,325.50,1,
"Coffee Island Eros Churchgate - Mumbai","2026-02-16","POS","DINE IN","616","EMP MEAL","Emp_Bev","Emp_Bev","Cappuccino(emp)",1.00,1.00,0.000,0.00,0.00,0.00,0.00,0.00,1,
"Coffee Island Eros Churchgate - Mumbai","2026-02-16","POS","DINE IN","646","FOOD","Sides","Sides","Classic Fries",1.00,1.00,200.000,200.00,0.00,200.00,10.00,210.00,1,
"Coffee Island Eros Churchgate - Mumbai","2026-02-16","POS","DINE IN","46","BEVERAGES","Cold Beverages","Island Special-Cold","Orange Bumble Coffee",1.00,1.00,385.000,385.00,0.00,385.00,19.25,404.25,1,
"Coffee Island Eros Churchgate - Mumbai","2026-02-16","POS","DINE IN","75","BEVERAGES","Cold Beverages","Refresh","Valencia Orange Fresh Juice",3.00,3.00,190.000,570.00,12.10,557.90,27.90,585.80,2,
"Coffee Island Eros Churchgate - Mumbai","2026-02-16","POS","DINE IN","151","BEVERAGES","ADDON","Choice of Milk","Oat Milk @50",1.00,1.00,50.000,50.00,0.00,50.00,2.50,52.50,1,
"Coffee Island Eros Churchgate - Mumbai","2026-02-16","POS","DINE IN","50","BEVERAGES","Cold Beverages","Island Special-Cold","Iced Vietnamese Shakerato",1.00,1.00,310.000,310.00,0.00,310.00,15.50,325.50,1,
"Coffee Island Eros Churchgate - Mumbai","2026-02-16","POS","DINE IN","649","FOOD","Sides","Sides","Truffle Parmesan Fries",1.00,1.00,320.000,320.00,51.20,268.80,13.44,282.24,1,
"Coffee Island Eros Churchgate - Mumbai","2026-02-16","POS","DINE IN","701","FOOD","Main Course","Sandwiches","Pomodoro Meatball Melt",1.00,1.00,460.000,460.00,0.00,460.00,23.00,483.00,1,
"Coffee Island Eros Churchgate - Mumbai","2026-02-16","POS","DINE IN","11","BEVERAGES","Cold Beverages","Cold Brews","Islander Cold Coffee",4.00,4.00,298.750,1195.00,0.00,1195.00,59.75,1254.75,4,
"Coffee Island Eros Churchgate - Mumbai","2026-02-16","POS","TAKEAWAY","700","FOOD","Main Course","Sandwiches","Paprika Chicken Melt",2.00,2.00,460.000,920.00,0.00,920.00,46.00,966.00,2,
"Coffee Island Eros Churchgate - Mumbai","2026-02-16","POS","TAKEAWAY","687","FOOD","Main Course","Pasta","Three-Cheese Mac - Non Veg",1.00,1.00,460.000,460.00,0.00,460.00,23.00,483.00,1,
"Coffee Island Eros Churchgate - Mumbai","2026-02-16","POS","TAKEAWAY","699","FOOD","Main Course","Sandwiches","Italian Caprese",1.00,1.00,410.000,410.00,0.00,410.00,20.50,430.50,1,
"Coffee Island Eros Churchgate - Mumbai","2026-02-16","POS","TAKEAWAY","390","BEVERAGES","Cold Beverages","Cold Brews","Iced Vietnamese Matcha",3.00,3.00,310.000,930.00,1.78,928.22,46.41,974.63,2,
"Coffee Island Eros Churchgate - Mumbai","2026-02-16","POS","TAKEAWAY","284","BEVERAGES","Ready To Drink","Cold Brew","500 Ml Water Bottle",4.00,4.00,38.100,152.40,0.44,151.96,7.60,159.56,1,
"Coffee Island Eros Churchgate - Mumbai","2026-02-16","POS","TAKEAWAY","709","FOOD","All Day Breakfast","All Day Breakfast","French Butter Croissant (CIB)",4.00,4.00,200.000,800.00,0.00,800.00,40.00,840.00,2,
"Coffee Island Eros Churchgate - Mumbai","2026-02-16","POS","TAKEAWAY","50","BEVERAGES","Cold Beverages","Island Special-Cold","Iced Vietnamese Shakerato",2.00,2.00,310.000,620.00,0.89,619.11,30.96,650.07,2,
"Coffee Island Eros Churchgate - Mumbai","2026-02-16","POS","TAKEAWAY","90","BEVERAGES","Hot Beverages","Hot Brews","Cortado",3.00,3.00,280.000,840.00,0.00,840.00,42.00,882.00,2,
"Coffee Island Eros Churchgate - Mumbai","2026-02-16","POS","TAKEAWAY","97","BEVERAGES","Hot Beverages","Hot Brews","Hot Latte Signature",4.00,4.00,240.000,960.00,0.00,960.00,48.00,1008.00,4,
"Coffee Island Eros Churchgate - Mumbai","2026-02-16","POS","TAKEAWAY","99","BEVERAGES","Hot Beverages","Hot Brews","Americano",1.00,1.00,210.000,210.00,0.00,210.00,10.50,220.50,1,
"Coffee Island Eros Churchgate - Mumbai","2026-02-16","POS","TAKEAWAY","135","BEVERAGES","Hot Beverages","Island Special-Hot","Mocha Espressione Hot",1.00,1.00,260.000,260.00,0.00,260.00,13.00,273.00,1,
"Coffee Island Eros Churchgate - Mumbai","2026-02-16","POS","TAKEAWAY","277","RETAIL","Snacks","Ready to Munch","Chocolate Almond",1.00,1.00,128.570,128.57,0.37,128.20,6.41,134.61,1,
"Coffee Island Eros Churchgate - Mumbai","2026-02-16","POS","TAKEAWAY","679","FOOD","Desserts","Desserts","French Pain Au Chocolat",1.00,1.00,250.000,250.00,0.00,250.00,12.50,262.50,1,
"Coffee Island Eros Churchgate - Mumbai","2026-02-16","POS","TAKEAWAY","92","BEVERAGES","Hot Beverages","Hot Brews","Espresso",1.00,1.00,190.000,190.00,0.00,190.00,9.50,199.50,1,
"Coffee Island Eros Churchgate - Mumbai","2026-02-16","POS","TAKEAWAY","150","BEVERAGES","ADDON","Choice of Milk","Almond Milk @50",1.00,1.00,50.000,50.00,0.14,49.86,2.49,52.35,1,
"Coffee Island Eros Churchgate - Mumbai","2026-02-16","POS","TAKEAWAY","130","BEVERAGES","Hot Beverages","Hot Tea","Indian Masala Tea",1.00,1.00,210.000,210.00,0.00,210.00,10.50,220.50,1,
"Coffee Island Eros Churchgate - Mumbai","2026-02-16","POS","TAKEAWAY","283","RETAIL","Snacks","Ready to Munch","Masala Almond",2.00,2.00,133.330,266.66,0.38,266.28,13.32,279.60,2,
"Coffee Island Eros Churchgate - Mumbai","2026-02-16","POS","TAKEAWAY","639","BEVERAGES","Smoothies and Shakes","Smoothies and Shakes","Avocado Smoothies",1.00,1.00,400.000,400.00,0.00,400.00,20.00,420.00,1,
"Coffee Island Eros Churchgate - Mumbai","2026-02-16","POS","TAKEAWAY","11","BEVERAGES","Cold Beverages","Cold Brews","Islander Cold Coffee",5.00,5.00,318.000,1590.00,0.00,1590.00,79.50,1669.50,3,
"Coffee Island Eros Churchgate - Mumbai","2026-02-16","POS","TAKEAWAY","652","FOOD","Sides","Sides","K-Spice Chicken Bites",1.00,1.00,340.000,340.00,0.00,340.00,17.00,357.00,1,
"Coffee Island Eros Churchgate - Mumbai","2026-02-16","POS","TAKEAWAY","2","BEVERAGES","Cold Beverages","Cold Brews","Iced Latte Signature",1.00,1.00,280.000,280.00,0.00,280.00,14.00,294.00,1,
"Coffee Island Eros Churchgate - Mumbai","2026-02-16","QR","DINE IN","99","BEVERAGES","Hot Beverages","Hot Brews","Americano",4.00,4.00,236.250,945.00,0.00,945.00,47.25,992.25,2,
"Coffee Island Eros Churchgate - Mumbai","2026-02-16","QR","DINE IN","368","BEVERAGES","Hot Beverages","Hot Brews","Ibrik Coffee",1.00,1.00,360.000,360.00,0.00,360.00,18.00,378.00,1,
"Coffee Island Eros Churchgate - Mumbai","2026-02-16","QR","DINE IN","636","BEVERAGES","Cold Beverages","Cold Brews","Dubai Chocolate",1.00,1.00,330.000,330.00,0.00,330.00,16.50,346.50,1,
"Coffee Island Eros Churchgate - Mumbai","2026-02-16","QR","DINE IN","49","BEVERAGES","Cold Beverages","Island Special-Cold","Freddo Cappuccino",2.00,2.00,290.000,580.00,0.00,580.00,29.00,609.00,2,
"Coffee Island Eros Churchgate - Mumbai","2026-02-16","QR","DINE IN","97","BEVERAGES","Hot Beverages","Hot Brews","Hot Latte Signature",1.00,1.00,240.000,240.00,0.00,240.00,12.00,252.00,1,
"Coffee Island Eros Churchgate - Mumbai","2026-02-16","QR","DINE IN","115","BEVERAGES","Hot Beverages","Hot Chocolate","Signature Belgian Dark Hot Chocolate",1.00,1.00,280.000,280.00,0.00,280.00,14.00,294.00,1,
"Coffee Island Eros Churchgate - Mumbai","2026-02-16","QR","DINE IN","641","BEVERAGES","Cold Beverages","Mojito","Dark Berry",1.00,1.00,230.000,230.00,0.00,230.00,11.50,241.50,1,
"Coffee Island Eros Churchgate - Mumbai","2026-02-16","QR","DINE IN","644","BEVERAGES","Cold Beverages","Mojito","Fresh Mint",1.00,1.00,230.000,230.00,0.00,230.00,11.50,241.50,1,
"Coffee Island Eros Churchgate - Mumbai","2026-02-16","QR","DINE IN","635","BEVERAGES","Cold Beverages","Cold Brews","Iced Latte Pistachio",1.00,1.00,310.000,310.00,0.00,310.00,15.50,325.50,1,
"Coffee Island Eros Churchgate - Mumbai","2026-02-16","QR","DINE IN","874","FOOD","All Day Breakfast","All Day Breakfast","Pancakes - Nutella (Pure Jain)",1.00,1.00,390.000,390.00,0.00,390.00,19.50,409.50,1,
"Coffee Island Eros Churchgate - Mumbai","2026-02-16","QR","DINE IN","11","BEVERAGES","Cold Beverages","Cold Brews","Islander Cold Coffee",1.00,1.00,290.000,290.00,0.00,290.00,14.50,304.50,1,
"Coffee Island Eros Churchgate - Mumbai","2026-02-16","QR","DINE IN","50","BEVERAGES","Cold Beverages","Island Special-Cold","Iced Vietnamese Shakerato",2.00,2.00,310.000,620.00,0.00,620.00,31.00,651.00,2,
"Coffee Island Eros Churchgate - Mumbai","2026-02-16","QR","DINE IN","683","FOOD","Desserts","Desserts","Chocolate Fudge Brownie",1.00,1.00,310.000,310.00,0.00,310.00,15.50,325.50,1,
"Coffee Island Eros Churchgate - Mumbai","2026-02-16","QR","DINE IN","106","BEVERAGES","Hot Beverages","Hot Brews","Cappuccino",1.00,1.00,230.000,230.00,0.00,230.00,11.50,241.50,1,
"Coffee Island Eros Churchgate - Mumbai","2026-02-16","QR","DINE IN","2","BEVERAGES","Cold Beverages","Cold Brews","Iced Latte Signature",4.00,4.00,280.000,1120.00,0.00,1120.00,56.00,1176.00,3,
"Coffee Island Eros Churchgate - Mumbai","2026-02-16","QR","DINE IN","709","FOOD","All Day Breakfast","All Day Breakfast","French Butter Croissant (CIB)",1.00,1.00,200.000,200.00,0.00,200.00,10.00,210.00,1,
"Coffee Island Eros Churchgate - Mumbai","2026-02-16","QR","DINE IN","633","BEVERAGES","Hot Beverages","Hot Brews","Spiced Hot Chocolate",1.00,1.00,280.000,280.00,0.00,280.00,14.00,294.00,1,
"Coffee Island Eros Churchgate - Mumbai","2026-02-16","QR","DINE IN","705","FOOD","All Day Breakfast","Toasties","Akuri Toast",1.00,1.00,360.000,360.00,0.00,360.00,18.00,378.00,1,
"Coffee Island Eros Churchgate - Mumbai","2026-02-16","QR","DINE IN","136","BEVERAGES","Hot Beverages","Island Special-Hot","Spanish Bombon",1.00,1.00,310.000,310.00,0.00,310.00,15.50,325.50,1,
"Coffee Island Eros Churchgate - Mumbai","2026-02-16","QR","DINE IN","94","BEVERAGES","Hot Beverages","Hot Brews","Flat White",1.00,1.00,230.000,230.00,0.00,230.00,11.50,241.50,1,
"Coffee Island Eros Churchgate - Mumbai","2026-02-16","QR","DINE IN","284","BEVERAGES","Ready To Drink","Cold Brew","500 Ml Water Bottle",3.00,3.00,38.100,114.30,0.00,114.30,5.73,120.03,3,
"Coffee Island Eros Churchgate - Mumbai","2026-02-16","QR","DINE IN","877","FOOD","Main Course","Sandwiches","Chilli Cheese Melt Brioche (Pure Jain)",2.00,2.00,400.000,800.00,0.00,800.00,40.00,840.00,2,
"Coffee Island Eros Churchgate - Mumbai","2026-02-16","QR","DINE IN","646","FOOD","Sides","Sides","Classic Fries",1.00,1.00,200.000,200.00,0.00,200.00,10.00,210.00,1,
"Coffee Island Eros Churchgate - Mumbai","2026-02-16","QR","DINE IN","688","FOOD","Main Course","Pasta","Italian Arrabbiata Penne - Veg",1.00,1.00,410.000,410.00,0.00,410.00,20.50,430.50,1,
"Coffee Island Eros Churchgate - Mumbai","2026-02-16","QR","DINE IN","699","FOOD","Main Course","Sandwiches","Italian Caprese",1.00,1.00,410.000,410.00,0.00,410.00,20.50,430.50,1,
"Coffee Island Eros Churchgate - Mumbai","2026-02-16","QR","DINE IN","90","BEVERAGES","Hot Beverages","Hot Brews","Cortado",1.00,1.00,230.000,230.00,0.00,230.00,11.50,241.50,1,
"Coffee Island Eros Churchgate - Mumbai","2026-02-16","QR","DINE IN","23","BEVERAGES","Cold Beverages","Granita","Slushed Peach Paradise Granita",1.00,1.00,230.000,230.00,0.00,230.00,11.50,241.50,1,
"Coffee Island Eros Churchgate - Mumbai","2026-02-16","QR","DINE IN","129","BEVERAGES","Hot Beverages","Hot Tea","Chamomile Sunset Classic Tea",1.00,1.00,210.000,210.00,0.00,210.00,10.50,220.50,1,
"Coffee Island Eros Churchgate - Mumbai","2026-02-16","Swiggy","DELIVERY","106","BEVERAGES","Hot Beverages","Hot Brews","Cappuccino",4.00,4.00,262.500,1050.00,525.00,525.00,26.25,551.25,3,
"Coffee Island Eros Churchgate - Mumbai","2026-02-16","Swiggy","DELIVERY","99","BEVERAGES","Hot Beverages","Hot Brews","Americano",2.00,2.00,230.000,460.00,230.00,230.00,11.50,241.50,1,
"Coffee Island Eros Churchgate - Mumbai","2026-02-16","Swiggy","DELIVERY","115","BEVERAGES","Hot Beverages","Hot Chocolate","Signature Belgian Dark Hot Chocolate",2.00,2.00,310.000,620.00,310.00,310.00,15.50,325.50,2,
"Coffee Island Eros Churchgate - Mumbai","2026-02-16","Swiggy","DELIVERY","11","BEVERAGES","Cold Beverages","Cold Brews","Islander Cold Coffee",1.00,1.00,320.000,320.00,127.49,192.51,9.63,202.14,1,
"Coffee Island Eros Churchgate - Mumbai","2026-02-16","Swiggy","DELIVERY","2","BEVERAGES","Cold Beverages","Cold Brews","Iced Latte Signature",1.00,1.00,310.000,310.00,123.51,186.49,9.32,195.81,1,
"Coffee Island Eros Churchgate - Mumbai","2026-02-16","Swiggy","DELIVERY","649","FOOD","Sides","Sides","Truffle Parmesan Fries",1.00,1.00,352.000,352.00,80.00,272.00,13.60,285.60,1,
"Coffee Island Eros Churchgate - Mumbai","2026-02-16","Swiggy","DELIVERY","45","BEVERAGES","Cold Beverages","Island Special-Cold","Mocha Espressione Cold",1.00,1.00,320.000,320.00,127.49,192.51,9.63,202.14,1,
"Coffee Island Eros Churchgate - Mumbai","2026-02-16","Swiggy","DELIVERY","663","FOOD","All Day Breakfast","All Day Breakfast","Islander Breakfast Burrito - Egg",1.00,1.00,440.000,440.00,79.70,360.30,18.02,378.32,1,
"Coffee Island Eros Churchgate - Mumbai","2026-02-16","Swiggy","DELIVERY","90","BEVERAGES","Hot Beverages","Hot Brews","Cortado",1.00,1.00,250.000,250.00,45.29,204.71,10.24,214.95,1,
"Coffee Island Eros Churchgate - Mumbai","2026-02-16","Zomato","DELIVERY","11","BEVERAGES","Cold Beverages","Cold Brews","Islander Cold Coffee",1.00,1.00,320.000,320.00,160.00,160.00,8.00,168.00,1,
"Coffee Island Eros Churchgate - Mumbai","2026-02-16","Zomato","DELIVERY","2","BEVERAGES","Cold Beverages","Cold Brews","Iced Latte Signature",1.00,1.00,310.000,310.00,155.00,155.00,7.75,162.75,1,
"Coffee Island Eros Churchgate - Mumbai","2026-02-16","Zomato","DELIVERY","698","FOOD","Main Course","Rice Bowl","Asian Hot Garlic Rice Bowl - Paneer",1.00,1.00,451.000,451.00,135.30,315.70,15.79,331.49,1,
"Coffee Island Eros Churchgate - Mumbai","2026-02-16","Zomato","DELIVERY","15","BEVERAGES","Cold Beverages","Cold Brews","Iced Americano",1.00,1.00,405.000,405.00,202.50,202.50,10.13,212.63,1,
"Coffee Island Eros Churchgate - Mumbai","2026-02-16","Zomato","DELIVERY","30","BEVERAGES","Cold Beverages","Iced Chocolate","Classic Iced Chocolate",1.00,1.00,300.000,300.00,150.00,150.00,7.50,157.50,1,
"Coffee Island Eros Churchgate - Mumbai","2026-02-16","Zomato","DELIVERY","94","BEVERAGES","Hot Beverages","Hot Brews","Flat White",1.00,1.00,300.000,300.00,150.00,150.00,7.50,157.50,1,
"Coffee Island Eros Churchgate - Mumbai","2026-02-16","Zomato","DELIVERY","279","RETAIL","Snacks","Ready to Munch","The Ultimate Trail Mix",1.00,1.00,185.710,185.71,0.00,185.71,9.29,195.00,1,
"Coffee Island Eros Churchgate - Mumbai","2026-02-16","Zomato","DELIVERY","61","BEVERAGES","Cold Beverages","Overnight Brew","Overnite Espresso Brew (Vietnamese)",1.00,1.00,340.000,340.00,80.00,260.00,13.00,273.00,1,
"Coffee Island Eros Churchgate - Mumbai","2026-02-16","Zomato","DELIVERY","709","FOOD","All Day Breakfast","All Day Breakfast","French Butter Croissant (CIB)",1.00,1.00,220.000,220.00,66.00,154.00,7.70,161.70,1,
"Coffee Island Eros Churchgate - Mumbai","2026-02-16","Zomato","DELIVERY","115","BEVERAGES","Hot Beverages","Hot Chocolate","Signature Belgian Dark Hot Chocolate",1.00,1.00,310.000,310.00,155.00,155.00,7.75,162.75,1,
"Coffee Island Eros Churchgate - Mumbai","2026-02-16","Zomato","DELIVERY","106","BEVERAGES","Hot Beverages","Hot Brews","Cappuccino",3.00,3.00,266.667,800.00,400.00,400.00,20.00,420.00,3,
"Coffee Island Phoenix Market City - Mumbai","2026-02-16","POS","DINE IN","45","BEVERAGES","Cold Beverages","Island Special-Cold","Mocha Espressione Cold",1.00,1.00,290.000,290.00,0.00,290.00,14.50,304.50,1,
"Coffee Island Phoenix Market City - Mumbai","2026-02-16","POS","DINE IN","50","BEVERAGES","Cold Beverages","Island Special-Cold","Iced Vietnamese Shakerato",2.00,2.00,310.000,620.00,0.00,620.00,31.00,651.00,2,
"Coffee Island Phoenix Market City - Mumbai","2026-02-16","POS","DINE IN","898","FOOD","All Day Meal","All Day Meal","French Butter Croissant & Hot Latte Signature",2.00,2.00,199.000,398.00,0.00,398.00,19.90,417.90,2,
"Coffee Island Phoenix Market City - Mumbai","2026-02-16","POS","DINE IN","711","FOOD","All Day Breakfast","Toasties","Islander Avo Broc Toast",2.00,2.00,490.000,980.00,0.00,980.00,49.00,1029.00,2,
"Coffee Island Phoenix Market City - Mumbai","2026-02-16","POS","DINE IN","281","RETAIL","Snacks","Ready to Munch","Chocolate Cashew",1.00,1.00,128.570,128.57,0.00,128.57,6.43,135.00,1,
"Coffee Island Phoenix Market City - Mumbai","2026-02-16","POS","DINE IN","896","FOOD","All Day Meal","All Day Meal","Cheesy Garlic Bread & Iced Latte Signature",1.00,1.00,199.000,199.00,0.00,199.00,9.95,208.95,1,
"Coffee Island Phoenix Market City - Mumbai","2026-02-16","POS","DINE IN","97","BEVERAGES","Hot Beverages","Hot Brews","Hot Latte Signature",2.00,2.00,240.000,480.00,0.00,480.00,24.00,504.00,2,
"Coffee Island Phoenix Market City - Mumbai","2026-02-16","POS","DINE IN","284","BEVERAGES","Ready To Drink","Cold Brew","500 Ml Water Bottle",2.00,2.00,38.100,76.20,0.00,76.20,3.81,80.01,1,
"Coffee Island Phoenix Market City - Mumbai","2026-02-16","POS","DINE IN","106","BEVERAGES","Hot Beverages","Hot Brews","Cappuccino",3.00,3.00,230.000,690.00,0.00,690.00,34.50,724.50,2,
"Coffee Island Phoenix Market City - Mumbai","2026-02-16","POS","DINE IN","353","EMP MEAL","Emp Meal","Emp Meal","Emp Meal",11.00,11.00,0.000,0.00,0.00,0.00,0.00,0.00,6,
"Coffee Island Phoenix Market City - Mumbai","2026-02-16","POS","DINE IN","209","FOOD","Desserts","Gelato","Dark Chocolate Single Scoop",1.00,1.00,195.000,195.00,0.00,195.00,9.75,204.75,1,
"Coffee Island Phoenix Market City - Mumbai","2026-02-16","POS","DINE IN","365","BEVERAGES","Cold Beverages","Island Special-Cold","Java Chip Killer",1.00,1.00,330.000,330.00,0.00,330.00,16.50,346.50,1,
"Coffee Island Phoenix Market City - Mumbai","2026-02-16","POS","DINE IN","867","FOOD","Desserts","Desserts","Opera Slice",1.00,1.00,320.000,320.00,0.00,320.00,16.00,336.00,1,
"Coffee Island Phoenix Market City - Mumbai","2026-02-16","POS","DINE IN","78","BEVERAGES","Cold Beverages","Refresh","Bobastic Peach Paradise Refresh Tea",1.00,1.00,270.000,270.00,0.00,270.00,13.50,283.50,1,
"Coffee Island Phoenix Market City - Mumbai","2026-02-16","POS","DINE IN","11","BEVERAGES","Cold Beverages","Cold Brews","Islander Cold Coffee",4.00,4.00,290.000,1160.00,0.00,1160.00,58.00,1218.00,4,
"Coffee Island Phoenix Market City - Mumbai","2026-02-16","POS","DINE IN","94","BEVERAGES","Hot Beverages","Hot Brews","Flat White",1.00,1.00,230.000,230.00,0.00,230.00,11.50,241.50,1,
"Coffee Island Phoenix Market City - Mumbai","2026-02-16","POS","DINE IN","200","FOOD","Desserts","Gelato","Mango Sorbet Single Scoop",1.00,1.00,195.000,195.00,0.00,195.00,9.75,204.75,1,
"Coffee Island Phoenix Market City - Mumbai","2026-02-16","POS","DINE IN","135","BEVERAGES","Hot Beverages","Island Special-Hot","Mocha Espressione Hot",1.00,1.00,260.000,260.00,0.00,260.00,13.00,273.00,1,
"Coffee Island Phoenix Market City - Mumbai","2026-02-16","POS","DINE IN","86","BEVERAGES","Hot Beverages","Alternative Brews","Island Pour Over",2.00,2.00,310.000,620.00,0.00,620.00,31.00,651.00,1,
"Coffee Island Phoenix Market City - Mumbai","2026-02-16","POS","DINE IN","90","BEVERAGES","Hot Beverages","Hot Brews","Cortado",1.00,1.00,280.000,280.00,0.00,280.00,14.00,294.00,1,
"Coffee Island Phoenix Market City - Mumbai","2026-02-16","POS","TAKEAWAY","280","RETAIL","Snacks","Ready to Munch","Coffee Almond Shots",1.00,1.00,128.570,128.57,0.00,128.57,6.43,135.00,1,
"Coffee Island Phoenix Market City - Mumbai","2026-02-16","POS","TAKEAWAY","654","FOOD","Sides","Sides","Cheesy Garlic Bread",1.00,1.00,250.000,250.00,0.00,250.00,12.50,262.50,1,
"Coffee Island Phoenix Market City - Mumbai","2026-02-16","POS","TAKEAWAY","11","BEVERAGES","Cold Beverages","Cold Brews","Islander Cold Coffee",2.00,2.00,290.000,580.00,0.00,580.00,29.00,609.00,2,
"Coffee Island Phoenix Market City - Mumbai","2026-02-16","POS","TAKEAWAY","288","BEVERAGES","Ready To Drink","Cold Coffee","Irish Cold Coffee",1.00,1.00,161.900,161.90,0.00,161.90,8.10,170.00,1,
"Coffee Island Phoenix Market City - Mumbai","2026-02-16","POS","TAKEAWAY","115","BEVERAGES","Hot Beverages","Hot Chocolate","Signature Belgian Dark Hot Chocolate",1.00,1.00,280.000,280.00,0.00,280.00,14.00,294.00,1,
"Coffee Island Phoenix Market City - Mumbai","2026-02-16","POS","TAKEAWAY","33","BEVERAGES","Cold Beverages","Iced Chocolate","Guilt-Free Iced Chocolate",1.00,1.00,270.000,270.00,0.00,270.00,13.50,283.50,1,
"Coffee Island Phoenix Market City - Mumbai","2026-02-16","POS","TAKEAWAY","698","FOOD","Main Course","Rice Bowl","Asian Hot Garlic Rice Bowl - Paneer",1.00,1.00,400.000,400.00,0.00,400.00,20.00,420.00,1,
"Coffee Island Phoenix Market City - Mumbai","2026-02-16","POS","TAKEAWAY","63","BEVERAGES","Cold Beverages","Proffees (Protein + Coffee)","Cookie & Cream Proffee (Protein + Coffee)",1.00,1.00,310.000,310.00,0.00,310.00,15.50,325.50,1,
"Coffee Island Phoenix Market City - Mumbai","2026-02-16","POS","TAKEAWAY","644","BEVERAGES","Cold Beverages","Mojito","Fresh Mint",1.00,1.00,230.000,230.00,0.00,230.00,11.50,241.50,1,
"Coffee Island Phoenix Market City - Mumbai","2026-02-16","POS","TAKEAWAY","6","BEVERAGES","Cold Beverages","Cold Brews","Bobastic Coffeeccino",1.00,1.00,290.000,290.00,0.00,290.00,14.50,304.50,1,
"Coffee Island Phoenix Market City - Mumbai","2026-02-16","POS","TAKEAWAY","106","BEVERAGES","Hot Beverages","Hot Brews","Cappuccino",2.00,2.00,230.000,460.00,0.00,460.00,23.00,483.00,2,
"Coffee Island Phoenix Market City - Mumbai","2026-02-16","POS","TAKEAWAY","56","BEVERAGES","Smoothies and Shakes","Smoothies and Shakes","Berry Burst Paradise Milkshake",1.00,1.00,270.000,270.00,0.00,270.00,13.50,283.50,1,
"Coffee Island Phoenix Market City - Mumbai","2026-02-16","POS","TAKEAWAY","693","FOOD","Main Course","Pizza","Basil Pesto Veggie Flatbread",1.00,1.00,450.000,450.00,0.00,450.00,22.50,472.50,1,
"Coffee Island Phoenix Market City - Mumbai","2026-02-16","POS","TAKEAWAY","289","BEVERAGES","Ready To Drink","Cold Coffee","Vietnamese Cold Coffee",1.00,1.00,161.900,161.90,0.00,161.90,8.10,170.00,1,
"Coffee Island NSP - New Delhi","2026-02-16","POS","DINE IN","30","BEVERAGES","Cold Beverages","Iced Chocolate","Classic Iced Chocolate",1.00,1.00,270.000,270.00,0.00,270.00,13.50,283.50,1,
"Coffee Island NSP - New Delhi","2026-02-16","POS","DINE IN","703","FOOD","Main Course","Sandwiches","Ham & Cheese Brioche Melt",2.00,2.00,450.000,900.00,112.50,787.50,39.38,826.88,2,
"Coffee Island NSP - New Delhi","2026-02-16","POS","DINE IN","122","BEVERAGES","Hot Beverages","Hot Chocolate","Guilt-Free Hot Chocolate",1.00,1.00,280.000,280.00,0.00,280.00,14.00,294.00,1,
"Coffee Island NSP - New Delhi","2026-02-16","POS","DINE IN","39","BEVERAGES","Cold Beverages","Iced Chocolate","Hazelnut Iced Chocolate",2.00,2.00,270.000,540.00,67.50,472.50,23.63,496.13,2,
"Coffee Island NSP - New Delhi","2026-02-16","POS","DINE IN","50","BEVERAGES","Cold Beverages","Island Special-Cold","Iced Vietnamese Shakerato",7.00,7.00,322.143,2255.00,86.25,2168.75,108.44,2277.19,6,
"Coffee Island NSP - New Delhi","2026-02-16","POS","DINE IN","2","BEVERAGES","Cold Beverages","Cold Brews","Iced Latte Signature",2.00,2.00,280.000,560.00,0.00,560.00,28.00,588.00,2,
"Coffee Island NSP - New Delhi","2026-02-16","POS","DINE IN","106","BEVERAGES","Hot Beverages","Hot Brews","Cappuccino",7.00,7.00,230.000,1610.00,0.00,1610.00,80.50,1690.50,5,
"Coffee Island NSP - New Delhi","2026-02-16","POS","DINE IN","654","FOOD","Sides","Sides","Cheesy Garlic Bread",2.00,2.00,250.000,500.00,0.00,500.00,25.00,525.00,2,
"Coffee Island NSP - New Delhi","2026-02-16","POS","DINE IN","685","FOOD","Main Course","Pasta","Spaghetti Aglio Olio - Non Veg",1.00,1.00,450.000,450.00,112.50,337.50,16.88,354.38,1,
"Coffee Island NSP - New Delhi","2026-02-16","POS","DINE IN","679","FOOD","Desserts","Desserts","French Pain Au Chocolat",2.00,2.00,250.000,500.00,0.00,500.00,25.00,525.00,2,
"Coffee Island NSP - New Delhi","2026-02-16","POS","DINE IN","390","BEVERAGES","Cold Beverages","Cold Brews","Iced Vietnamese Matcha",1.00,1.00,310.000,310.00,0.00,310.00,15.50,325.50,1,
"Coffee Island NSP - New Delhi","2026-02-16","POS","DINE IN","139","BEVERAGES","ADDON","Choice of Beans","Kenya Blend @35",1.00,1.00,35.000,35.00,0.00,35.00,1.75,36.75,1,
"Coffee Island NSP - New Delhi","2026-02-16","POS","DINE IN","94","BEVERAGES","Hot Beverages","Hot Brews","Flat White",1.00,1.00,230.000,230.00,0.00,230.00,11.50,241.50,1,
"Coffee Island NSP - New Delhi","2026-02-16","POS","DINE IN","353","EMP MEAL","Emp Meal","Emp Meal","Emp Meal",2.00,2.00,0.000,0.00,0.00,0.00,0.00,0.00,1,
"Coffee Island NSP - New Delhi","2026-02-16","POS","DINE IN","97","BEVERAGES","Hot Beverages","Hot Brews","Hot Latte Signature",12.00,12.00,254.583,3055.00,220.00,2835.00,141.75,2976.75,8,
"Coffee Island NSP - New Delhi","2026-02-16","POS","DINE IN","11","BEVERAGES","Cold Beverages","Cold Brews","Islander Cold Coffee",11.00,11.00,300.909,3310.00,72.50,3237.50,161.88,3399.38,10,
"Coffee Island NSP - New Delhi","2026-02-16","POS","DINE IN","99","BEVERAGES","Hot Beverages","Hot Brews","Americano",4.00,4.00,235.000,940.00,0.00,940.00,47.00,987.00,3,
"Coffee Island NSP - New Delhi","2026-02-16","POS","DINE IN","62","BEVERAGES","Cold Beverages","Overnight Brew","Overnite Espresso Brew (Classic)",2.00,2.00,310.000,620.00,0.00,620.00,31.00,651.00,1,
"Coffee Island NSP - New Delhi","2026-02-16","POS","DINE IN","866","FOOD","Main Course","Sandwiches","Chilli Cheese Brioche Melt",1.00,1.00,390.000,390.00,0.00,390.00,19.50,409.50,1,
"Coffee Island NSP - New Delhi","2026-02-16","POS","DINE IN","61","BEVERAGES","Cold Beverages","Overnight Brew","Overnite Espresso Brew (Vietnamese)",1.00,1.00,310.000,310.00,6.07,303.93,15.20,319.13,1,
"Coffee Island NSP - New Delhi","2026-02-16","POS","DINE IN","92","BEVERAGES","Hot Beverages","Hot Brews","Espresso",2.00,2.00,190.000,380.00,0.00,380.00,19.00,399.00,1,
"Coffee Island NSP - New Delhi","2026-02-16","POS","DINE IN","680","FOOD","Desserts","Desserts","The Walnut Date Teacake",1.00,1.00,300.000,300.00,0.00,300.00,15.00,315.00,1,
"Coffee Island NSP - New Delhi","2026-02-16","POS","DINE IN","867","FOOD","Desserts","Desserts","Opera Slice",1.00,1.00,320.000,320.00,0.00,320.00,16.00,336.00,1,
"Coffee Island NSP - New Delhi","2026-02-16","POS","DINE IN","635","BEVERAGES","Cold Beverages","Cold Brews","Iced Latte Pistachio",1.00,1.00,310.000,310.00,0.00,310.00,15.50,325.50,1,
"Coffee Island NSP - New Delhi","2026-02-16","POS","DINE IN","698","FOOD","Main Course","Rice Bowl","Asian Hot Garlic Rice Bowl - Paneer",1.00,1.00,400.000,400.00,0.00,400.00,20.00,420.00,1,
"Coffee Island NSP - New Delhi","2026-02-16","POS","DINE IN","115","BEVERAGES","Hot Beverages","Hot Chocolate","Signature Belgian Dark Hot Chocolate",2.00,2.00,280.000,560.00,0.00,560.00,28.00,588.00,2,
"Coffee Island NSP - New Delhi","2026-02-16","POS","DINE IN","693","FOOD","Main Course","Pizza","Basil Pesto Veggie Flatbread",1.00,1.00,450.000,450.00,0.00,450.00,22.50,472.50,1,
"Coffee Island NSP - New Delhi","2026-02-16","POS","DINE IN","367","BEVERAGES","Cold Beverages","Cold Brews","The Long Pour",2.00,2.00,310.000,620.00,6.07,613.93,30.70,644.63,2,
"Coffee Island NSP - New Delhi","2026-02-16","POS","DINE IN","365","BEVERAGES","Cold Beverages","Island Special-Cold","Java Chip Killer",2.00,2.00,330.000,660.00,0.00,660.00,33.00,693.00,2,
"Coffee Island NSP - New Delhi","2026-02-16","POS","DINE IN","78","BEVERAGES","Cold Beverages","Refresh","Bobastic Peach Paradise Refresh Tea",1.00,1.00,270.000,270.00,0.00,270.00,13.50,283.50,1,
"Coffee Island NSP - New Delhi","2026-02-16","POS","DINE IN","640","BEVERAGES","Smoothies and Shakes","Smoothies and Shakes","Alphanso Mango Smoothies",1.00,1.00,350.000,350.00,6.86,343.14,17.16,360.30,1,
"Coffee Island NSP - New Delhi","2026-02-16","POS","TAKEAWAY","135","BEVERAGES","Hot Beverages","Island Special-Hot","Mocha Espressione Hot",1.00,1.00,260.000,260.00,20.00,240.00,12.00,252.00,1,
"Coffee Island NSP - New Delhi","2026-02-16","POS","TAKEAWAY","50","BEVERAGES","Cold Beverages","Island Special-Cold","Iced Vietnamese Shakerato",1.00,1.00,310.000,310.00,0.00,310.00,15.50,325.50,1,
"Coffee Island NSP - New Delhi","2026-02-16","Swiggy","DELIVERY","106","BEVERAGES","Hot Beverages","Hot Brews","Cappuccino",2.00,2.00,275.000,550.00,275.00,275.00,13.75,288.75,2,
"Coffee Island NSP - New Delhi","2026-02-16","Swiggy","DELIVERY","56","BEVERAGES","Smoothies and Shakes","Smoothies and Shakes","Berry Burst Paradise Milkshake",1.00,1.00,300.000,300.00,116.13,183.87,9.19,193.06,1,
"Coffee Island NSP - New Delhi","2026-02-16","Swiggy","DELIVERY","634","BEVERAGES","Hot Beverages","Hot Brews","Pistachio Cappuccino",1.00,1.00,280.000,280.00,56.45,223.55,11.18,234.73,1,
"Coffee Island NSP - New Delhi","2026-02-16","Swiggy","DELIVERY","11","BEVERAGES","Cold Beverages","Cold Brews","Islander Cold Coffee",3.00,3.00,336.667,1010.00,468.87,541.13,27.06,568.19,2,
"Coffee Island NSP - New Delhi","2026-02-16","Swiggy","DELIVERY","2","BEVERAGES","Cold Beverages","Cold Brews","Iced Latte Signature",1.00,1.00,410.000,410.00,205.00,205.00,10.25,215.25,1,
"Coffee Island NSP - New Delhi","2026-02-16","Swiggy","DELIVERY","64","BEVERAGES","Cold Beverages","Proffees (Protein + Coffee)","Classic Proffee (Protein + Coffee)",1.00,1.00,340.000,340.00,68.54,271.46,13.57,285.03,1,
GRAND TOTAL,,,,,,,,,899,899,,229099.11,28551.41,200547.70,10027.69,210575.39,,