Customer Name,Created Date,Rating,Comment,Outlet Name,Restaurant ID
,08-Jan-26,5,,Coffee Island - Tribeca Pune,1208685
,08-Jan-26,4,,Coffee Island - Amanora Mall,1199858
,08-Jan-26,4,,Coffee Island - Amanora Mall,1199858
,08-Jan-26,5,,Coffee Island - Amanora Mall,1199858
,08-Jan-26,5,,Coffee Island - Amanora Mall,1199858
,08-Jan-26,5,,Coffee Island Phoenix Market City - Mumbai,1248976
,08-Jan-26,5,,Coffee Island Eros Churchgate - Mumbai,1223465
,08-Jan-26,4,,Coffee Island AIPL,1123859
,08-Jan-26,5,,Coffee Island AIPL,1123859
,08-Jan-26,5,,Coffee Island AIPL,1123859
,08-Jan-26,5,,Coffee Island AIPL,1123859
,08-Jan-26,5,,Coffee Island AIPL,1123859
,08-Jan-26,5,,Coffee Island AIPL,1123859
,08-Jan-26,5,,Coffee Island AIPL,1123859
,08-Jan-26,5,,Coffee Island AIPL,1123859
,08-Jan-26,5,,Coffee Island AIPL,1123859
,08-Jan-26,5,,Coffee Island AIPL,1123859
,10-Jan-26,5,,Coffee Island HQ-27,1088398
,08-Jan-26,5,,Coffee Island HQ-27,1088398
,08-Jan-26,5,,Coffee Island HQ-27,1088398
,08-Jan-26,5,,Coffee Island HQ-27,1088398
,08-Jan-26,5,,Coffee Island HQ-27,1088398
,08-Jan-26,5,,Coffee Island HQ-27,1088398
,08-Jan-26,5,,Coffee Island HQ-27,1088398
,08-Jan-26,5,,Coffee Island HQ-27,1088398
,08-Jan-26,5,,Coffee Island HQ-27,1088398
,07-Jan-26,5,,Coffee Island HQ-27,1088398
,07-Jan-26,5,,Coffee Island HQ-27,1088398
,07-Jan-26,5,,Coffee Island HQ-27,1088398
,07-Jan-26,5,,Coffee Island HQ-27,1088398
,07-Jan-26,5,,Coffee Island HQ-27,1088398
,07-Jan-26,5,,Coffee Island HQ-27,1088398
,07-Jan-26,5,,Coffee Island HQ-27,1088398
,07-Jan-26,5,,Coffee Island HQ-27,1088398
,07-Jan-26,5,,Coffee Island HQ-27,1088398
,06-Jan-26,5,,Coffee Island HQ-27,1088398
,06-Jan-26,5,,Coffee Island HQ-27,1088398
,06-Jan-26,5,,Coffee Island HQ-27,1088398
,06-Jan-26,4,,Coffee Island NSP - New Delhi,1248986
,06-Jan-26,4,,Coffee Island NSP - New Delhi,1248986
,06-Jan-26,4,,Coffee Island NSP - New Delhi,1248986
,06-Jan-26,5,,Coffee Island NSP - New Delhi,1248986
,06-Jan-26,5,,Coffee Island NSP - New Delhi,1248986
,06-Jan-26,5,,Coffee Island NSP - New Delhi,1248986
,07-Jan-26,4,,Coffee Island NSP - New Delhi,1248986
,07-Jan-26,4,,Coffee Island NSP - New Delhi,1248986
,07-Jan-26,4,,Coffee Island NSP - New Delhi,1248986
,07-Jan-26,4,,Coffee Island NSP - New Delhi,1248986
,07-Jan-26,4,,Coffee Island NSP - New Delhi,1248986
,07-Jan-26,4,,Coffee Island NSP - New Delhi,1248986
,07-Jan-26,4,,Coffee Island NSP - New Delhi,1248986
,07-Jan-26,4,,Coffee Island NSP - New Delhi,1248986
,07-Jan-26,4,,Coffee Island NSP - New Delhi,1248986
,07-Jan-26,4,,Coffee Island NSP - New Delhi,1248986
,07-Jan-26,4,,Coffee Island NSP - New Delhi,1248986
,07-Jan-26,4,,Coffee Island NSP - New Delhi,1248986
,07-Jan-26,4,,Coffee Island NSP - New Delhi,1248986
,07-Jan-26,4,,Coffee Island NSP - New Delhi,1248986
,08-Jan-26,5,,Coffee Island NSP - New Delhi,1248986
,08-Jan-26,5,,Coffee Island NSP - New Delhi,1248986
,08-Jan-26,5,,Coffee Island NSP - New Delhi,1248986
,08-Jan-26,5,,Coffee Island NSP - New Delhi,1248986
,08-Jan-26,5,,Coffee Island NSP - New Delhi,1248986
,08-Jan-26,5,,Coffee Island NSP - New Delhi,1248986
,10-Jan-26,4,,Coffee Island Beyond GK II,1119631
,10-Jan-26,4,,Coffee Island Beyond GK II,1119631
,08-Jan-26,4,,Coffee Island Beyond GK II,1119631
,08-Jan-26,4,,Coffee Island Beyond GK II,1119631
,08-Jan-26,4,,Coffee Island Beyond GK II,1119631
,08-Jan-26,4,,Coffee Island Beyond GK II,1119631
,08-Jan-26,5,,Coffee Island Beyond GK II,1119631
,08-Jan-26,5,,Coffee Island Beyond GK II,1119631
,08-Jan-26,5,,Coffee Island Beyond GK II,1119631
,08-Jan-26,5,,Coffee Island Beyond GK II,1119631
,08-Jan-26,5,,Coffee Island Beyond GK II,1119631
,07-Jan-26,5,,Coffee Island Beyond GK II,1119631
,07-Jan-26,5,,Coffee Island Beyond GK II,1119631
,07-Jan-26,5,,Coffee Island Beyond GK II,1119631
,07-Jan-26,5,,Coffee Island Beyond GK II,1119631
,07-Jan-26,5,,Coffee Island Beyond GK II,1119631
,07-Jan-26,5,,Coffee Island Beyond GK II,1119631
,07-Jan-26,5,,Coffee Island Beyond GK II,1119631
,07-Jan-26,5,,Coffee Island Beyond GK II,1119631
,07-Jan-26,5,,Coffee Island Beyond GK II,1119631
,07-Jan-26,5,,Coffee Island Beyond GK II,1119631
,03-Dec-25,5,,Coffee Island - Amanora Mall,1199858
,03-Dec-25,5,,Coffee Island - Amanora Mall,1199858
,03-Dec-25,5,,Coffee Island - Amanora Mall,1199858
,03-Dec-25,5,,Coffee Island - Amanora Mall,1199858
,03-Dec-25,5,,Coffee Island - Amanora Mall,1199858
,03-Dec-25,5,,Coffee Island - Amanora Mall,1199858
,03-Dec-25,5,,Coffee Island - Amanora Mall,1199858
,03-Dec-25,5,,Coffee Island - Amanora Mall,1199858
,03-Dec-25,5,,Coffee Island - Amanora Mall,1199858
,03-Dec-25,3,,Coffee Island - Amanora Mall,1199858
,03-Dec-25,4,,Coffee Island - Amanora Mall,1199858
,03-Dec-25,5,,Coffee Island - Amanora Mall,1199858
,03-Dec-25,4,,Coffee Island - Amanora Mall,1199858
,03-Dec-25,5,,Coffee Island - Amanora Mall,1199858
,03-Dec-25,5,,Coffee Island - Amanora Mall,1199858
,03-Dec-25,3,,Coffee Island - Amanora Mall,1199858
,03-Dec-25,5,,Coffee Island - Amanora Mall,1199858
,03-Dec-25,5,,Coffee Island - Amanora Mall,1199858
,03-Dec-25,5,,Coffee Island - Amanora Mall,1199858
,03-Dec-25,2,,Coffee Island - Amanora Mall,1199858
,03-Dec-25,5,,Coffee Island - Amanora Mall,1199858
,03-Dec-25,5,,Coffee Island - Amanora Mall,1199858
,03-Dec-25,5,,Coffee Island - Amanora Mall,1199858
,03-Dec-25,5,,Coffee Island - Amanora Mall,1199858
,03-Dec-25,5,,Coffee Island - Amanora Mall,1199858
,03-Dec-25,5,,Coffee Island - Amanora Mall,1199858
,03-Dec-25,5,,Coffee Island - Amanora Mall,1199858
,03-Dec-25,5,,Coffee Island - Amanora Mall,1199858
,03-Dec-25,5,,Coffee Island - Amanora Mall,1199858
,03-Dec-25,5,,Coffee Island - Amanora Mall,1199858
,03-Dec-25,5,,Coffee Island - Amanora Mall,1199858
,03-Dec-25,5,,Coffee Island - Amanora Mall,1199858
,03-Dec-25,5,,Coffee Island - Amanora Mall,1199858
,03-Dec-25,4,,Coffee Island - Amanora Mall,1199858
,03-Dec-25,5,,Coffee Island - Amanora Mall,1199858
,03-Dec-25,5,,Coffee Island - Amanora Mall,1199858
,03-Dec-25,5,,Coffee Island - Amanora Mall,1199858
,03-Dec-25,5,,Coffee Island - Amanora Mall,1199858
,03-Dec-25,5,,Coffee Island - Amanora Mall,1199858
,03-Dec-25,4,,Coffee Island - Amanora Mall,1199858
,03-Dec-25,5,,Coffee Island - Amanora Mall,1199858
,03-Dec-25,5,,Coffee Island - Amanora Mall,1199858
,03-Dec-25,3,,Coffee Island - Amanora Mall,1199858
,03-Dec-25,4,,Coffee Island - Amanora Mall,1199858
,03-Dec-25,5,,Coffee Island - Amanora Mall,1199858
,03-Dec-25,5,,Coffee Island - Amanora Mall,1199858
,03-Dec-25,5,,Coffee Island - Amanora Mall,1199858
,03-Dec-25,5,,Coffee Island - Amanora Mall,1199858
,03-Dec-25,5,,Coffee Island - Amanora Mall,1199858
,03-Dec-25,5,,Coffee Island - Amanora Mall,1199858
,03-Dec-25,5,,Coffee Island - Amanora Mall,1199858
,03-Dec-25,2,,Coffee Island - Amanora Mall,1199858
,03-Dec-25,5,,Coffee Island - Amanora Mall,1199858
,03-Dec-25,5,,Coffee Island - Amanora Mall,1199858
,03-Dec-25,5,,Coffee Island - Amanora Mall,1199858
,03-Dec-25,1,,Coffee Island - Amanora Mall,1199858
,03-Dec-25,5,,Coffee Island - Amanora Mall,1199858
,03-Dec-25,3,,Coffee Island - Amanora Mall,1199858
,03-Dec-25,3,,Coffee Island - Amanora Mall,1199858
,03-Dec-25,5,,Coffee Island - Amanora Mall,1199858
,03-Dec-25,1,,Coffee Island - Amanora Mall,1199858
,03-Dec-25,2,,Coffee Island - Amanora Mall,1199858
,03-Dec-25,1,,Coffee Island - Amanora Mall,1199858
,03-Dec-25,5,,Coffee Island - Amanora Mall,1199858
,03-Dec-25,5,,Coffee Island - Amanora Mall,1199858
,03-Dec-25,5,,Coffee Island - Amanora Mall,1199858
,03-Dec-25,5,,Coffee Island - Amanora Mall,1199858
,03-Dec-25,5,,Coffee Island - Amanora Mall,1199858
,03-Dec-25,5,,Coffee Island - Amanora Mall,1199858
,03-Dec-25,5,,Coffee Island - Amanora Mall,1199858
,03-Dec-25,5,,Coffee Island - Amanora Mall,1199858
,03-Dec-25,5,,Coffee Island - Amanora Mall,1199858
,03-Dec-25,5,,Coffee Island - Amanora Mall,1199858
,03-Dec-25,5,,Coffee Island - Amanora Mall,1199858
,03-Dec-25,1,,Coffee Island - Amanora Mall,1199858
,03-Dec-25,5,,Coffee Island - Amanora Mall,1199858
,03-Dec-25,3,,Coffee Island - Amanora Mall,1199858
,03-Dec-25,5,,Coffee Island - Amanora Mall,1199858
,03-Dec-25,5,,Coffee Island - Amanora Mall,1199858
,03-Dec-25,5,,Coffee Island - Amanora Mall,1199858
,03-Dec-25,5,,Coffee Island - Amanora Mall,1199858
,03-Dec-25,5,,Coffee Island - Amanora Mall,1199858
,03-Dec-25,4,,Coffee Island - Amanora Mall,1199858
,03-Dec-25,5,,Coffee Island - Amanora Mall,1199858
,03-Dec-25,4,,Coffee Island - Amanora Mall,1199858
,03-Dec-25,5,,Coffee Island - Amanora Mall,1199858
,03-Dec-25,5,,Coffee Island - Amanora Mall,1199858
,03-Dec-25,5,,Coffee Island - Amanora Mall,1199858
,03-Dec-25,5,,Coffee Island - Amanora Mall,1199858
,03-Dec-25,2,,Coffee Island - Amanora Mall,1199858
,03-Dec-25,2,,Coffee Island - Amanora Mall,1199858
,03-Dec-25,5,,Coffee Island - Amanora Mall,1199858
,03-Dec-25,5,,Coffee Island - Amanora Mall,1199858
,03-Dec-25,5,,Coffee Island - Amanora Mall,1199858
,03-Dec-25,5,,Coffee Island - Amanora Mall,1199858
,03-Dec-25,4,,Coffee Island - Amanora Mall,1199858
,03-Dec-25,5,,Coffee Island - Amanora Mall,1199858
,03-Dec-25,5,,Coffee Island - Amanora Mall,1199858
,03-Dec-25,4,,Coffee Island - Amanora Mall,1199858
,03-Dec-25,5,,Coffee Island - Amanora Mall,1199858
,03-Dec-25,5,,Coffee Island - Amanora Mall,1199858
,03-Dec-25,5,,Coffee Island - Amanora Mall,1199858
,03-Dec-25,5,,Coffee Island - Amanora Mall,1199858
,03-Dec-25,5,,Coffee Island - Amanora Mall,1199858
,03-Dec-25,4,,Coffee Island - Amanora Mall,1199858
,03-Dec-25,5,,Coffee Island - Amanora Mall,1199858
,03-Dec-25,5,,Coffee Island - Amanora Mall,1199858
,03-Dec-25,3,,Coffee Island - Amanora Mall,1199858
,03-Dec-25,2,,Coffee Island - Amanora Mall,1199858
,03-Dec-25,5,,Coffee Island - Amanora Mall,1199858
,03-Dec-25,2,,Coffee Island - Amanora Mall,1199858
,03-Dec-25,3,,Coffee Island - Amanora Mall,1199858
,03-Dec-25,5,,Coffee Island - Amanora Mall,1199858
,03-Dec-25,5,,Coffee Island - Amanora Mall,1199858
,03-Dec-25,5,,Coffee Island - Amanora Mall,1199858
,03-Dec-25,3,,Coffee Island - Amanora Mall,1199858
,03-Dec-25,5,,Coffee Island - Amanora Mall,1199858
,03-Dec-25,5,,Coffee Island - Amanora Mall,1199858
,03-Dec-25,5,,Coffee Island - Amanora Mall,1199858
,03-Dec-25,4,,Coffee Island - Amanora Mall,1199858
,03-Dec-25,4,,Coffee Island - Amanora Mall,1199858
,03-Dec-25,5,,Coffee Island - Amanora Mall,1199858
,03-Dec-25,5,,Coffee Island - Amanora Mall,1199858
,03-Dec-25,5,,Coffee Island - Amanora Mall,1199858
,03-Dec-25,5,,Coffee Island - Amanora Mall,1199858
,03-Dec-25,5,,Coffee Island - Amanora Mall,1199858
,03-Dec-25,5,,Coffee Island - Amanora Mall,1199858
,03-Dec-25,5,,Coffee Island - Amanora Mall,1199858
,03-Dec-25,5,,Coffee Island - Amanora Mall,1199858
,03-Dec-25,3,,Coffee Island - Amanora Mall,1199858
,03-Dec-25,5,,Coffee Island - Amanora Mall,1199858
,03-Dec-25,5,,Coffee Island - Amanora Mall,1199858
,03-Dec-25,5,,Coffee Island - Amanora Mall,1199858
,03-Dec-25,5,,Coffee Island - Amanora Mall,1199858
,03-Dec-25,5,,Coffee Island - Amanora Mall,1199858
,03-Dec-25,5,,Coffee Island - Amanora Mall,1199858
,03-Dec-25,5,,Coffee Island - Amanora Mall,1199858
,03-Dec-25,5,,Coffee Island - Amanora Mall,1199858
,03-Dec-25,5,,Coffee Island - Amanora Mall,1199858
,03-Dec-25,5,,Coffee Island - Tribeca Pune,1208685
,03-Dec-25,5,,Coffee Island - Tribeca Pune,1208685
,03-Dec-25,5,,Coffee Island - Tribeca Pune,1208685
,03-Dec-25,1,,Coffee Island - Tribeca Pune,1208685
,03-Dec-25,5,,Coffee Island - Tribeca Pune,1208685
,03-Dec-25,5,,Coffee Island - Tribeca Pune,1208685
,03-Dec-25,5,,Coffee Island - Tribeca Pune,1208685
,03-Dec-25,1,,Coffee Island - Tribeca Pune,1208685
,03-Dec-25,5,,Coffee Island - Tribeca Pune,1208685
,03-Dec-25,5,,Coffee Island - Tribeca Pune,1208685
,03-Dec-25,5,,Coffee Island - Tribeca Pune,1208685
,03-Dec-25,5,,Coffee Island - Tribeca Pune,1208685
,03-Dec-25,5,,Coffee Island - Tribeca Pune,1208685
,03-Dec-25,3,,Coffee Island - Tribeca Pune,1208685
,03-Dec-25,5,,Coffee Island - Tribeca Pune,1208685
,03-Dec-25,5,,Coffee Island - Tribeca Pune,1208685
,03-Dec-25,5,,Coffee Island - Tribeca Pune,1208685
,03-Dec-25,5,,Coffee Island - Tribeca Pune,1208685
,03-Dec-25,5,,Coffee Island - Tribeca Pune,1208685
,03-Dec-25,5,,Coffee Island - Tribeca Pune,1208685
,03-Dec-25,5,,Coffee Island - Tribeca Pune,1208685
,03-Dec-25,5,,Coffee Island - Tribeca Pune,1208685
,03-Dec-25,5,,Coffee Island - Tribeca Pune,1208685
,03-Dec-25,5,,Coffee Island - Tribeca Pune,1208685
,03-Dec-25,5,,Coffee Island - Tribeca Pune,1208685
,03-Dec-25,5,,Coffee Island - Tribeca Pune,1208685
,03-Dec-25,5,,Coffee Island - Tribeca Pune,1208685
,03-Dec-25,5,,Coffee Island - Tribeca Pune,1208685
,03-Dec-25,5,,Coffee Island - Tribeca Pune,1208685
,03-Dec-25,5,,Coffee Island - Tribeca Pune,1208685
,03-Dec-25,5,,Coffee Island - Tribeca Pune,1208685
,03-Dec-25,5,,Coffee Island - Tribeca Pune,1208685
,03-Dec-25,5,,Coffee Island - Tribeca Pune,1208685
,03-Dec-25,5,,Coffee Island - Tribeca Pune,1208685
,03-Dec-25,5,,Coffee Island - Tribeca Pune,1208685
,03-Dec-25,5,,Coffee Island - Tribeca Pune,1208685
,03-Dec-25,5,,Coffee Island - Tribeca Pune,1208685
,03-Dec-25,5,,Coffee Island - Tribeca Pune,1208685
,03-Dec-25,5,,Coffee Island - Tribeca Pune,1208685
,03-Dec-25,5,,Coffee Island - Tribeca Pune,1208685
,03-Dec-25,5,,Coffee Island - Tribeca Pune,1208685
,03-Dec-25,5,,Coffee Island - Tribeca Pune,1208685
,03-Dec-25,5,,Coffee Island - Tribeca Pune,1208685
,03-Dec-25,5,,Coffee Island - Tribeca Pune,1208685
,03-Dec-25,5,,Coffee Island - Tribeca Pune,1208685
,03-Dec-25,5,,Coffee Island - Tribeca Pune,1208685
,03-Dec-25,1,,Coffee Island - Tribeca Pune,1208685
,03-Dec-25,5,,Coffee Island - Tribeca Pune,1208685
,03-Dec-25,5,,Coffee Island - Tribeca Pune,1208685
,03-Dec-25,5,,Coffee Island - Tribeca Pune,1208685
,03-Dec-25,5,,Coffee Island - Tribeca Pune,1208685
,03-Dec-25,5,,Coffee Island - Tribeca Pune,1208685
,03-Dec-25,2,,Coffee Island - Tribeca Pune,1208685
,03-Dec-25,4,,Coffee Island - Tribeca Pune,1208685
,03-Dec-25,5,,Coffee Island - Tribeca Pune,1208685
,03-Dec-25,5,,Coffee Island - Tribeca Pune,1208685
,03-Dec-25,5,,Coffee Island - Tribeca Pune,1208685
,03-Dec-25,5,,Coffee Island - Tribeca Pune,1208685
,03-Dec-25,5,,Coffee Island - Tribeca Pune,1208685
,03-Dec-25,5,,Coffee Island - Tribeca Pune,1208685
,03-Dec-25,5,,Coffee Island - Tribeca Pune,1208685
,03-Dec-25,5,,Coffee Island - Tribeca Pune,1208685
,03-Dec-25,5,,Coffee Island - Tribeca Pune,1208685
,03-Dec-25,5,,Coffee Island - Tribeca Pune,1208685
,03-Dec-25,5,,Coffee Island - Tribeca Pune,1208685
,03-Dec-25,5,,Coffee Island - Tribeca Pune,1208685
,03-Dec-25,5,,Coffee Island - Tribeca Pune,1208685
,03-Dec-25,5,,Coffee Island - Tribeca Pune,1208685
,03-Dec-25,5,,Coffee Island - Tribeca Pune,1208685
,03-Dec-25,5,,Coffee Island - Tribeca Pune,1208685
,03-Dec-25,5,,Coffee Island - Tribeca Pune,1208685
,03-Dec-25,5,,Coffee Island - Tribeca Pune,1208685
,03-Dec-25,5,,Coffee Island - Tribeca Pune,1208685
,03-Dec-25,5,,Coffee Island - Tribeca Pune,1208685
,03-Dec-25,5,,Coffee Island - Tribeca Pune,1208685
,03-Dec-25,5,,Coffee Island - Tribeca Pune,1208685
,03-Dec-25,5,,Coffee Island - Tribeca Pune,1208685
,03-Dec-25,5,,Coffee Island - Tribeca Pune,1208685
,03-Dec-25,5,,Coffee Island - Tribeca Pune,1208685
,03-Dec-25,5,,Coffee Island - Tribeca Pune,1208685
,03-Dec-25,5,,Coffee Island - Tribeca Pune,1208685
,03-Dec-25,5,,Coffee Island - Tribeca Pune,1208685
,03-Dec-25,5,,Coffee Island - Tribeca Pune,1208685
,03-Dec-25,5,,Coffee Island - Tribeca Pune,1208685
,03-Dec-25,5,,Coffee Island - Tribeca Pune,1208685
,03-Dec-25,5,,Coffee Island - Tribeca Pune,1208685
,03-Dec-25,5,,Coffee Island - Tribeca Pune,1208685
,03-Dec-25,5,,Coffee Island - Tribeca Pune,1208685
,03-Dec-25,5,,Coffee Island - Tribeca Pune,1208685
,03-Dec-25,5,,Coffee Island - Tribeca Pune,1208685
,03-Dec-25,3,,Coffee Island - Tribeca Pune,1208685
,03-Dec-25,5,,Coffee Island - Tribeca Pune,1208685
,03-Dec-25,5,,Coffee Island - Tribeca Pune,1208685
,03-Dec-25,5,,Coffee Island - Tribeca Pune,1208685
,03-Dec-25,5,,Coffee Island - Tribeca Pune,1208685
,03-Dec-25,5,,Coffee Island - Tribeca Pune,1208685
,03-Dec-25,4,,Coffee Island - Tribeca Pune,1208685
,03-Dec-25,5,,Coffee Island - Tribeca Pune,1208685
,03-Dec-25,2,,Coffee Island - Tribeca Pune,1208685
,03-Dec-25,2,,Coffee Island - Tribeca Pune,1208685
,03-Dec-25,5,,Coffee Island - Tribeca Pune,1208685
,03-Dec-25,3,,Coffee Island - Tribeca Pune,1208685
,03-Dec-25,5,,Coffee Island - Tribeca Pune,1208685
,03-Dec-25,5,,Coffee Island - Tribeca Pune,1208685
,03-Dec-25,5,,Coffee Island - Tribeca Pune,1208685
,03-Dec-25,3,,Coffee Island - Tribeca Pune,1208685
,03-Dec-25,5,,Coffee Island - Tribeca Pune,1208685
,03-Dec-25,5,,Coffee Island - Tribeca Pune,1208685
,03-Dec-25,4,,Coffee Island - Tribeca Pune,1208685
,03-Dec-25,5,,Coffee Island - Tribeca Pune,1208685
,03-Dec-25,5,,Coffee Island - Tribeca Pune,1208685
,03-Dec-25,5,,Coffee Island - Tribeca Pune,1208685
,03-Dec-25,5,,Coffee Island - Tribeca Pune,1208685
,03-Dec-25,5,,Coffee Island - Tribeca Pune,1208685
,03-Dec-25,5,,Coffee Island - Tribeca Pune,1208685
,03-Dec-25,5,,Coffee Island - Tribeca Pune,1208685
,03-Dec-25,5,,Coffee Island - Tribeca Pune,1208685
,03-Dec-25,2,,Coffee Island - Tribeca Pune,1208685
,03-Dec-25,5,,Coffee Island - Tribeca Pune,1208685
,03-Dec-25,3,,Coffee Island - Tribeca Pune,1208685
,03-Dec-25,5,,Coffee Island - Tribeca Pune,1208685
,03-Dec-25,5,,Coffee Island - Tribeca Pune,1208685
,03-Dec-25,5,,Coffee Island AIPL,1123859
,03-Dec-25,5,,Coffee Island AIPL,1123859
,03-Dec-25,5,,Coffee Island AIPL,1123859
,03-Dec-25,5,,Coffee Island AIPL,1123859
,03-Dec-25,5,,Coffee Island AIPL,1123859
,03-Dec-25,5,,Coffee Island AIPL,1123859
,03-Dec-25,5,,Coffee Island AIPL,1123859
,03-Dec-25,5,,Coffee Island AIPL,1123859
,03-Dec-25,3,,Coffee Island AIPL,1123859
,03-Dec-25,5,,Coffee Island AIPL,1123859
,03-Dec-25,5,,Coffee Island AIPL,1123859
,03-Dec-25,5,,Coffee Island AIPL,1123859
,03-Dec-25,5,,Coffee Island AIPL,1123859
,03-Dec-25,5,,Coffee Island AIPL,1123859
,03-Dec-25,5,,Coffee Island AIPL,1123859
,03-Dec-25,5,,Coffee Island AIPL,1123859
,03-Dec-25,5,,Coffee Island AIPL,1123859
,03-Dec-25,5,,Coffee Island AIPL,1123859
,03-Dec-25,5,,Coffee Island AIPL,1123859
,03-Dec-25,5,,Coffee Island AIPL,1123859
,03-Dec-25,5,,Coffee Island AIPL,1123859
,03-Dec-25,5,,Coffee Island AIPL,1123859
,03-Dec-25,5,,Coffee Island AIPL,1123859
,03-Dec-25,5,,Coffee Island AIPL,1123859
,03-Dec-25,5,,Coffee Island AIPL,1123859
,03-Dec-25,5,,Coffee Island AIPL,1123859
,03-Dec-25,5,,Coffee Island AIPL,1123859
,03-Dec-25,5,,Coffee Island AIPL,1123859
,03-Dec-25,5,,Coffee Island AIPL,1123859
,03-Dec-25,5,,Coffee Island AIPL,1123859
,03-Dec-25,5,,Coffee Island AIPL,1123859
,03-Dec-25,5,,Coffee Island AIPL,1123859
,03-Dec-25,5,,Coffee Island AIPL,1123859
,03-Dec-25,5,,Coffee Island AIPL,1123859
,03-Dec-25,5,,Coffee Island AIPL,1123859
,03-Dec-25,5,,Coffee Island AIPL,1123859
,03-Dec-25,5,,Coffee Island AIPL,1123859
,03-Dec-25,5,,Coffee Island AIPL,1123859
,03-Dec-25,3,,Coffee Island AIPL,1123859
,03-Dec-25,5,,Coffee Island AIPL,1123859
,03-Dec-25,5,,Coffee Island AIPL,1123859
,03-Dec-25,5,,Coffee Island AIPL,1123859
,03-Dec-25,5,,Coffee Island AIPL,1123859
,03-Dec-25,5,,Coffee Island AIPL,1123859
,03-Dec-25,5,,Coffee Island AIPL,1123859
,03-Dec-25,5,,Coffee Island AIPL,1123859
,03-Dec-25,5,,Coffee Island AIPL,1123859
,03-Dec-25,5,,Coffee Island AIPL,1123859
,03-Dec-25,4,,Coffee Island AIPL,1123859
,03-Dec-25,5,,Coffee Island AIPL,1123859
,03-Dec-25,5,,Coffee Island AIPL,1123859
,03-Dec-25,5,,Coffee Island AIPL,1123859
,03-Dec-25,5,,Coffee Island AIPL,1123859
,03-Dec-25,5,,Coffee Island AIPL,1123859
,03-Dec-25,5,,Coffee Island AIPL,1123859
,03-Dec-25,5,,Coffee Island AIPL,1123859
,03-Dec-25,5,,Coffee Island AIPL,1123859
,03-Dec-25,5,,Coffee Island AIPL,1123859
,03-Dec-25,5,,Coffee Island AIPL,1123859
,03-Dec-25,5,,Coffee Island AIPL,1123859
,03-Dec-25,2,,Coffee Island AIPL,1123859
,03-Dec-25,5,,Coffee Island AIPL,1123859
,03-Dec-25,5,,Coffee Island AIPL,1123859
,03-Dec-25,5,,Coffee Island AIPL,1123859
,03-Dec-25,5,,Coffee Island AIPL,1123859
,03-Dec-25,5,,Coffee Island AIPL,1123859
,03-Dec-25,5,,Coffee Island AIPL,1123859
,03-Dec-25,5,,Coffee Island AIPL,1123859
,03-Dec-25,5,,Coffee Island AIPL,1123859
,03-Dec-25,5,,Coffee Island AIPL,1123859
,03-Dec-25,5,,Coffee Island AIPL,1123859
,03-Dec-25,5,,Coffee Island AIPL,1123859
,03-Dec-25,5,,Coffee Island AIPL,1123859
,03-Dec-25,5,,Coffee Island AIPL,1123859
,03-Dec-25,5,,Coffee Island AIPL,1123859
,03-Dec-25,5,,Coffee Island AIPL,1123859
,03-Dec-25,5,,Coffee Island AIPL,1123859
,03-Dec-25,5,,Coffee Island AIPL,1123859
,03-Dec-25,5,,Coffee Island AIPL,1123859
,03-Dec-25,5,,Coffee Island AIPL,1123859
,03-Dec-25,5,,Coffee Island AIPL,1123859
,03-Dec-25,5,,Coffee Island AIPL,1123859
,03-Dec-25,5,,Coffee Island AIPL,1123859
,03-Dec-25,5,,Coffee Island AIPL,1123859
,03-Dec-25,5,,Coffee Island AIPL,1123859
,03-Dec-25,5,,Coffee Island AIPL,1123859
,03-Dec-25,5,,Coffee Island AIPL,1123859
,03-Dec-25,5,,Coffee Island AIPL,1123859
,03-Dec-25,4,,Coffee Island AIPL,1123859
,03-Dec-25,5,,Coffee Island AIPL,1123859
,03-Dec-25,5,,Coffee Island AIPL,1123859
,03-Dec-25,5,,Coffee Island AIPL,1123859
,03-Dec-25,5,,Coffee Island AIPL,1123859
,03-Dec-25,5,,Coffee Island AIPL,1123859
,03-Dec-25,4,,Coffee Island Beyond GK II,1119631
,03-Dec-25,3,,Coffee Island Beyond GK II,1119631
,03-Dec-25,5,,Coffee Island Beyond GK II,1119631
,03-Dec-25,5,,Coffee Island Beyond GK II,1119631
,03-Dec-25,5,,Coffee Island Beyond GK II,1119631
,03-Dec-25,5,,Coffee Island Beyond GK II,1119631
,03-Dec-25,5,,Coffee Island Beyond GK II,1119631
,03-Dec-25,5,,Coffee Island Beyond GK II,1119631
,03-Dec-25,5,,Coffee Island Beyond GK II,1119631
,03-Dec-25,5,,Coffee Island Beyond GK II,1119631
,03-Dec-25,5,,Coffee Island Beyond GK II,1119631
,03-Dec-25,5,,Coffee Island Beyond GK II,1119631
,03-Dec-25,3,,Coffee Island Beyond GK II,1119631
,03-Dec-25,5,,Coffee Island Beyond GK II,1119631
,03-Dec-25,5,,Coffee Island Beyond GK II,1119631
,03-Dec-25,5,,Coffee Island Beyond GK II,1119631
,03-Dec-25,5,,Coffee Island Beyond GK II,1119631
,03-Dec-25,5,,Coffee Island Beyond GK II,1119631
,03-Dec-25,5,,Coffee Island Beyond GK II,1119631
,03-Dec-25,5,,Coffee Island Beyond GK II,1119631
,03-Dec-25,5,,Coffee Island Beyond GK II,1119631
,03-Dec-25,5,,Coffee Island Beyond GK II,1119631
,03-Dec-25,5,,Coffee Island Beyond GK II,1119631
,03-Dec-25,1,,Coffee Island Beyond GK II,1119631
,03-Dec-25,5,,Coffee Island Beyond GK II,1119631
,03-Dec-25,5,,Coffee Island Beyond GK II,1119631
,03-Dec-25,5,,Coffee Island Beyond GK II,1119631
,03-Dec-25,5,,Coffee Island Beyond GK II,1119631
,03-Dec-25,5,,Coffee Island Beyond GK II,1119631
,03-Dec-25,5,,Coffee Island Beyond GK II,1119631
,03-Dec-25,5,,Coffee Island Beyond GK II,1119631
,03-Dec-25,5,,Coffee Island Beyond GK II,1119631
,03-Dec-25,5,,Coffee Island Beyond GK II,1119631
,03-Dec-25,5,,Coffee Island Beyond GK II,1119631
,03-Dec-25,5,,Coffee Island Beyond GK II,1119631
,03-Dec-25,5,,Coffee Island Beyond GK II,1119631
,03-Dec-25,5,,Coffee Island Beyond GK II,1119631
,03-Dec-25,5,,Coffee Island Beyond GK II,1119631
,03-Dec-25,5,,Coffee Island Beyond GK II,1119631
,03-Dec-25,5,,Coffee Island Beyond GK II,1119631
,03-Dec-25,5,,Coffee Island Beyond GK II,1119631
,03-Dec-25,2,,Coffee Island Beyond GK II,1119631
,03-Dec-25,5,,Coffee Island Beyond GK II,1119631
,03-Dec-25,1,,Coffee Island Beyond GK II,1119631
,03-Dec-25,5,,Coffee Island Beyond GK II,1119631
,03-Dec-25,5,,Coffee Island Beyond GK II,1119631
,03-Dec-25,5,,Coffee Island Beyond GK II,1119631
,03-Dec-25,5,,Coffee Island Beyond GK II,1119631
,03-Dec-25,5,,Coffee Island Beyond GK II,1119631
,03-Dec-25,3,,Coffee Island Beyond GK II,1119631
,03-Dec-25,5,,Coffee Island Beyond GK II,1119631
,03-Dec-25,5,,Coffee Island Beyond GK II,1119631
,03-Dec-25,5,,Coffee Island Beyond GK II,1119631
,03-Dec-25,5,,Coffee Island Beyond GK II,1119631
,03-Dec-25,5,,Coffee Island Beyond GK II,1119631
,03-Dec-25,5,,Coffee Island Beyond GK II,1119631
,03-Dec-25,5,,Coffee Island Beyond GK II,1119631
,03-Dec-25,5,,Coffee Island Beyond GK II,1119631
,03-Dec-25,5,,Coffee Island Beyond GK II,1119631
,03-Dec-25,5,,Coffee Island Beyond GK II,1119631
,03-Dec-25,5,,Coffee Island Beyond GK II,1119631
,03-Dec-25,5,,Coffee Island Beyond GK II,1119631
,03-Dec-25,5,,Coffee Island Beyond GK II,1119631
,03-Dec-25,5,,Coffee Island Beyond GK II,1119631
,03-Dec-25,5,,Coffee Island Beyond GK II,1119631
,03-Dec-25,5,,Coffee Island Beyond GK II,1119631
,03-Dec-25,5,,Coffee Island Beyond GK II,1119631
,03-Dec-25,5,,Coffee Island Beyond GK II,1119631
,03-Dec-25,5,,Coffee Island Beyond GK II,1119631
,03-Dec-25,5,,Coffee Island Beyond GK II,1119631
,03-Dec-25,5,,Coffee Island Beyond GK II,1119631
,03-Dec-25,5,,Coffee Island Beyond GK II,1119631
,03-Dec-25,5,,Coffee Island Beyond GK II,1119631
,03-Dec-25,5,,Coffee Island Beyond GK II,1119631
,03-Dec-25,5,,Coffee Island Beyond GK II,1119631
,03-Dec-25,5,,Coffee Island Beyond GK II,1119631
,03-Dec-25,5,,Coffee Island Beyond GK II,1119631
,03-Dec-25,5,,Coffee Island Beyond GK II,1119631
,03-Dec-25,5,,Coffee Island Beyond GK II,1119631
,03-Dec-25,5,,Coffee Island Beyond GK II,1119631
,03-Dec-25,5,,Coffee Island Beyond GK II,1119631
,03-Dec-25,5,,Coffee Island Beyond GK II,1119631
,03-Dec-25,5,,Coffee Island Beyond GK II,1119631
,03-Dec-25,1,,Coffee Island Beyond GK II,1119631
,03-Dec-25,5,,Coffee Island Beyond GK II,1119631
,03-Dec-25,5,,Coffee Island Beyond GK II,1119631
,03-Dec-25,5,,Coffee Island Beyond GK II,1119631
,03-Dec-25,5,,Coffee Island Beyond GK II,1119631
,03-Dec-25,5,,Coffee Island Beyond GK II,1119631
,03-Dec-25,5,,Coffee Island Beyond GK II,1119631
,03-Dec-25,5,,Coffee Island Beyond GK II,1119631
,03-Dec-25,3,,Coffee Island Beyond GK II,1119631
,03-Dec-25,5,,Coffee Island Beyond GK II,1119631
,03-Dec-25,5,,Coffee Island Beyond GK II,1119631
,03-Dec-25,5,,Coffee Island Beyond GK II,1119631
,03-Dec-25,5,,Coffee Island Beyond GK II,1119631
,03-Dec-25,5,,Coffee Island Beyond GK II,1119631
,03-Dec-25,5,,Coffee Island Beyond GK II,1119631
,03-Dec-25,5,,Coffee Island Beyond GK II,1119631
,03-Dec-25,5,,Coffee Island Beyond GK II,1119631
,03-Dec-25,5,,Coffee Island Beyond GK II,1119631
,03-Dec-25,5,,Coffee Island Beyond GK II,1119631
,03-Dec-25,5,,Coffee Island Beyond GK II,1119631
,03-Dec-25,4,,Coffee Island Beyond GK II,1119631
,03-Dec-25,5,,Coffee Island Beyond GK II,1119631
,03-Dec-25,5,,Coffee Island Beyond GK II,1119631
,03-Dec-25,5,,Coffee Island Beyond GK II,1119631
,03-Dec-25,5,,Coffee Island Beyond GK II,1119631
,03-Dec-25,5,,Coffee Island Beyond GK II,1119631
,03-Dec-25,1,,Coffee Island Beyond GK II,1119631
,03-Dec-25,5,,Coffee Island Beyond GK II,1119631
,03-Dec-25,5,,Coffee Island Beyond GK II,1119631
,03-Dec-25,5,,Coffee Island Beyond GK II,1119631
,03-Dec-25,5,,Coffee Island Beyond GK II,1119631
,03-Dec-25,5,,Coffee Island Beyond GK II,1119631
,03-Dec-25,5,,Coffee Island Beyond GK II,1119631
,03-Dec-25,5,,Coffee Island Beyond GK II,1119631
,03-Dec-25,5,,Coffee Island Beyond GK II,1119631
,03-Dec-25,5,,Coffee Island Beyond GK II,1119631
,03-Dec-25,5,,Coffee Island Beyond GK II,1119631
,03-Dec-25,5,,Coffee Island Beyond GK II,1119631
,03-Dec-25,5,,Coffee Island Beyond GK II,1119631
,03-Dec-25,5,,Coffee Island Beyond GK II,1119631
,03-Dec-25,5,,Coffee Island Beyond GK II,1119631
,03-Dec-25,5,,Coffee Island Beyond GK II,1119631
,03-Dec-25,5,,Coffee Island Beyond GK II,1119631
,03-Dec-25,5,,Coffee Island Beyond GK II,1119631
,03-Dec-25,1,,Coffee Island Beyond GK II,1119631
,03-Dec-25,5,,Coffee Island Beyond GK II,1119631
,03-Dec-25,5,,Coffee Island Beyond GK II,1119631
,03-Dec-25,5,,Coffee Island Beyond GK II,1119631
,03-Dec-25,5,,Coffee Island Beyond GK II,1119631
,03-Dec-25,5,,Coffee Island Beyond GK II,1119631
,03-Dec-25,5,,Coffee Island Beyond GK II,1119631
,03-Dec-25,5,,Coffee Island Beyond GK II,1119631
,03-Dec-25,5,,Coffee Island Beyond GK II,1119631
,03-Dec-25,5,,Coffee Island Beyond GK II,1119631
,03-Dec-25,5,,Coffee Island Beyond GK II,1119631
,03-Dec-25,5,,Coffee Island Beyond GK II,1119631
,03-Dec-25,5,,Coffee Island Beyond GK II,1119631
,03-Dec-25,5,,Coffee Island Beyond GK II,1119631
,03-Dec-25,5,,Coffee Island Beyond GK II,1119631
,03-Dec-25,5,,Coffee Island Beyond GK II,1119631
,03-Dec-25,5,,Coffee Island Beyond GK II,1119631
,03-Dec-25,5,,Coffee Island Beyond GK II,1119631
,03-Dec-25,5,,Coffee Island Beyond GK II,1119631
,03-Dec-25,5,,Coffee Island Beyond GK II,1119631
,03-Dec-25,5,,Coffee Island Beyond GK II,1119631
,03-Dec-25,5,,Coffee Island Beyond GK II,1119631
,03-Dec-25,5,,Coffee Island Beyond GK II,1119631
,03-Dec-25,4,,Coffee Island Beyond GK II,1119631
,03-Dec-25,5,,Coffee Island Beyond GK II,1119631
,03-Dec-25,5,,Coffee Island Beyond GK II,1119631
,03-Dec-25,5,,Coffee Island Beyond GK II,1119631
,03-Dec-25,5,,Coffee Island Beyond GK II,1119631
,03-Dec-25,3,,Coffee Island Beyond GK II,1119631
,03-Dec-25,5,,Coffee Island Beyond GK II,1119631
,03-Dec-25,5,,Coffee Island Beyond GK II,1119631
,03-Dec-25,5,,Coffee Island Beyond GK II,1119631
,03-Dec-25,5,,Coffee Island Beyond GK II,1119631
,03-Dec-25,5,,Coffee Island Beyond GK II,1119631
,03-Dec-25,5,,Coffee Island Beyond GK II,1119631
,03-Dec-25,5,,Coffee Island Beyond GK II,1119631
,03-Dec-25,5,,Coffee Island Beyond GK II,1119631
,03-Dec-25,5,,Coffee Island Beyond GK II,1119631
,03-Dec-25,5,,Coffee Island Beyond GK II,1119631
,03-Dec-25,5,,Coffee Island Beyond GK II,1119631
,03-Dec-25,5,,Coffee Island Beyond GK II,1119631
,03-Dec-25,5,,Coffee Island Beyond GK II,1119631
,03-Dec-25,5,,Coffee Island Beyond GK II,1119631
,03-Dec-25,5,,Coffee Island Beyond GK II,1119631
,03-Dec-25,5,,Coffee Island Beyond GK II,1119631
,03-Dec-25,5,,Coffee Island Beyond GK II,1119631
,03-Dec-25,5,,Coffee Island Beyond GK II,1119631
,03-Dec-25,5,,Coffee Island Beyond GK II,1119631
,03-Dec-25,5,,Coffee Island Beyond GK II,1119631
,03-Dec-25,5,,Coffee Island Beyond GK II,1119631
,03-Dec-25,5,,Coffee Island Beyond GK II,1119631
,03-Dec-25,5,,Coffee Island Beyond GK II,1119631
,03-Dec-25,5,,Coffee Island Beyond GK II,1119631
,03-Dec-25,5,,Coffee Island Beyond GK II,1119631
,03-Dec-25,5,,Coffee Island Beyond GK II,1119631
,03-Dec-25,5,,Coffee Island Beyond GK II,1119631
,03-Dec-25,5,,Coffee Island Beyond GK II,1119631
,03-Dec-25,5,,Coffee Island Beyond GK II,1119631
,03-Dec-25,5,,Coffee Island Beyond GK II,1119631
,03-Dec-25,5,,Coffee Island Beyond GK II,1119631
,03-Dec-25,5,,Coffee Island Beyond GK II,1119631
,03-Dec-25,5,,Coffee Island Beyond GK II,1119631
,03-Dec-25,5,,Coffee Island Beyond GK II,1119631
,03-Dec-25,5,,Coffee Island Beyond GK II,1119631
,03-Dec-25,5,,Coffee Island Beyond GK II,1119631
,03-Dec-25,5,,Coffee Island Beyond GK II,1119631
,03-Dec-25,5,,Coffee Island Beyond GK II,1119631
,03-Dec-25,5,,Coffee Island Beyond GK II,1119631
,03-Dec-25,5,,Coffee Island Beyond GK II,1119631
,03-Dec-25,5,,Coffee Island Beyond GK II,1119631
,03-Dec-25,5,,Coffee Island Beyond GK II,1119631
,03-Dec-25,1,,Coffee Island Beyond GK II,1119631
,03-Dec-25,5,,Coffee Island Beyond GK II,1119631
,03-Dec-25,5,,Coffee Island Beyond GK II,1119631
,03-Dec-25,5,,Coffee Island Beyond GK II,1119631
,03-Dec-25,5,,Coffee Island Beyond GK II,1119631
,03-Dec-25,5,,Coffee Island Beyond GK II,1119631
,03-Dec-25,5,,Coffee Island Beyond GK II,1119631
,03-Dec-25,5,,Coffee Island Beyond GK II,1119631
,03-Dec-25,5,,Coffee Island Beyond GK II,1119631
,03-Dec-25,5,,Coffee Island Beyond GK II,1119631
,03-Dec-25,5,,Coffee Island Beyond GK II,1119631
,03-Dec-25,5,,Coffee Island Beyond GK II,1119631
,03-Dec-25,5,,Coffee Island Beyond GK II,1119631
,03-Dec-25,5,,Coffee Island Beyond GK II,1119631
,03-Dec-25,5,,Coffee Island Beyond GK II,1119631
,03-Dec-25,5,,Coffee Island Beyond GK II,1119631
,03-Dec-25,5,,Coffee Island Beyond GK II,1119631
,03-Dec-25,5,,Coffee Island Beyond GK II,1119631
,03-Dec-25,5,,Coffee Island Beyond GK II,1119631
,03-Dec-25,5,,Coffee Island Beyond GK II,1119631
,03-Dec-25,5,,Coffee Island Beyond GK II,1119631
,03-Dec-25,5,,Coffee Island Beyond GK II,1119631
,03-Dec-25,5,,Coffee Island Beyond GK II,1119631
,03-Dec-25,5,,Coffee Island Beyond GK II,1119631
,03-Dec-25,1,,Coffee Island Beyond GK II,1119631
,03-Dec-25,5,,Coffee Island Beyond GK II,1119631
,03-Dec-25,5,,Coffee Island Beyond GK II,1119631
,03-Dec-25,5,,Coffee Island Beyond GK II,1119631
,03-Dec-25,5,,Coffee Island Beyond GK II,1119631
,03-Dec-25,5,,Coffee Island Beyond GK II,1119631
,03-Dec-25,5,,Coffee Island Beyond GK II,1119631
,03-Dec-25,5,,Coffee Island Beyond GK II,1119631
,03-Dec-25,5,,Coffee Island Beyond GK II,1119631
,03-Dec-25,1,,Coffee Island Beyond GK II,1119631
,03-Dec-25,5,,Coffee Island Beyond GK II,1119631
,03-Dec-25,5,,Coffee Island Beyond GK II,1119631
,03-Dec-25,5,,Coffee Island Beyond GK II,1119631
,03-Dec-25,5,,Coffee Island Beyond GK II,1119631
,03-Dec-25,5,,Coffee Island Beyond GK II,1119631
,03-Dec-25,5,,Coffee Island Beyond GK II,1119631
,03-Dec-25,5,,Coffee Island Beyond GK II,1119631
,03-Dec-25,5,,Coffee Island Beyond GK II,1119631
,03-Dec-25,5,,Coffee Island Beyond GK II,1119631
,03-Dec-25,5,,Coffee Island Beyond GK II,1119631
,03-Dec-25,5,,Coffee Island Beyond GK II,1119631
,03-Dec-25,5,,Coffee Island Beyond GK II,1119631
,03-Dec-25,5,,Coffee Island Beyond GK II,1119631
,03-Dec-25,5,,Coffee Island Beyond GK II,1119631
,03-Dec-25,5,,Coffee Island Beyond GK II,1119631
,03-Dec-25,5,,Coffee Island Beyond GK II,1119631
,03-Dec-25,5,,Coffee Island Beyond GK II,1119631
,03-Dec-25,5,,Coffee Island Beyond GK II,1119631
,03-Dec-25,2,,Coffee Island Beyond GK II,1119631
,03-Dec-25,5,,Coffee Island Beyond GK II,1119631
,03-Dec-25,5,,Coffee Island Beyond GK II,1119631
,03-Dec-25,5,,Coffee Island Beyond GK II,1119631
,03-Dec-25,5,,Coffee Island Beyond GK II,1119631
,03-Dec-25,3,,Coffee Island Beyond GK II,1119631
,03-Dec-25,5,,Coffee Island Beyond GK II,1119631
,03-Dec-25,5,,Coffee Island Beyond GK II,1119631
,03-Dec-25,5,,Coffee Island Beyond GK II,1119631
,03-Dec-25,5,,Coffee Island Beyond GK II,1119631
,03-Dec-25,5,,Coffee Island Beyond GK II,1119631
,03-Dec-25,5,,Coffee Island Beyond GK II,1119631
,03-Dec-25,5,,Coffee Island Beyond GK II,1119631
,03-Dec-25,5,,Coffee Island Beyond GK II,1119631
,03-Dec-25,5,,Coffee Island Beyond GK II,1119631
,03-Dec-25,5,,Coffee Island Beyond GK II,1119631
,03-Dec-25,5,,Coffee Island Eros Churchgate - Mumbai,1223465
,03-Dec-25,5,,Coffee Island Eros Churchgate - Mumbai,1223465
,03-Dec-25,5,,Coffee Island Eros Churchgate - Mumbai,1223465
,03-Dec-25,5,,Coffee Island Eros Churchgate - Mumbai,1223465
,03-Dec-25,5,,Coffee Island Eros Churchgate - Mumbai,1223465
,03-Dec-25,4,,Coffee Island Eros Churchgate - Mumbai,1223465
,03-Dec-25,5,,Coffee Island Eros Churchgate - Mumbai,1223465
,03-Dec-25,3,,Coffee Island Eros Churchgate - Mumbai,1223465
,03-Dec-25,5,,Coffee Island Eros Churchgate - Mumbai,1223465
,03-Dec-25,5,,Coffee Island Eros Churchgate - Mumbai,1223465
,03-Dec-25,5,,Coffee Island Eros Churchgate - Mumbai,1223465
,03-Dec-25,5,,Coffee Island Eros Churchgate - Mumbai,1223465
,03-Dec-25,3,,Coffee Island Eros Churchgate - Mumbai,1223465
,03-Dec-25,5,,Coffee Island Eros Churchgate - Mumbai,1223465
,03-Dec-25,3,,Coffee Island Eros Churchgate - Mumbai,1223465
,03-Dec-25,5,,Coffee Island Eros Churchgate - Mumbai,1223465
,03-Dec-25,5,,Coffee Island Eros Churchgate - Mumbai,1223465
,03-Dec-25,5,,Coffee Island Eros Churchgate - Mumbai,1223465
,03-Dec-25,1,,Coffee Island Eros Churchgate - Mumbai,1223465
,03-Dec-25,5,,Coffee Island Eros Churchgate - Mumbai,1223465
,03-Dec-25,5,,Coffee Island Eros Churchgate - Mumbai,1223465
,03-Dec-25,5,,Coffee Island Eros Churchgate - Mumbai,1223465
,03-Dec-25,5,,Coffee Island Eros Churchgate - Mumbai,1223465
,03-Dec-25,5,,Coffee Island Eros Churchgate - Mumbai,1223465
,03-Dec-25,5,,Coffee Island Eros Churchgate - Mumbai,1223465
,03-Dec-25,5,,Coffee Island Eros Churchgate - Mumbai,1223465
,03-Dec-25,5,,Coffee Island Eros Churchgate - Mumbai,1223465
,03-Dec-25,4,,Coffee Island Eros Churchgate - Mumbai,1223465
,03-Dec-25,2,,Coffee Island Eros Churchgate - Mumbai,1223465
,03-Dec-25,5,,Coffee Island Eros Churchgate - Mumbai,1223465
,03-Dec-25,5,,Coffee Island Eros Churchgate - Mumbai,1223465
,03-Dec-25,5,,Coffee Island Eros Churchgate - Mumbai,1223465
,03-Dec-25,5,,Coffee Island Eros Churchgate - Mumbai,1223465
,03-Dec-25,5,,Coffee Island Eros Churchgate - Mumbai,1223465
,03-Dec-25,2,,Coffee Island Eros Churchgate - Mumbai,1223465
,03-Dec-25,5,,Coffee Island Eros Churchgate - Mumbai,1223465
,03-Dec-25,5,,Coffee Island Eros Churchgate - Mumbai,1223465
,03-Dec-25,5,,Coffee Island Eros Churchgate - Mumbai,1223465
,03-Dec-25,5,,Coffee Island Eros Churchgate - Mumbai,1223465
,03-Dec-25,5,,Coffee Island Eros Churchgate - Mumbai,1223465
,03-Dec-25,5,,Coffee Island Eros Churchgate - Mumbai,1223465
,03-Dec-25,5,,Coffee Island Eros Churchgate - Mumbai,1223465
,03-Dec-25,5,,Coffee Island Eros Churchgate - Mumbai,1223465
,03-Dec-25,5,,Coffee Island Eros Churchgate - Mumbai,1223465
,03-Dec-25,5,,Coffee Island Eros Churchgate - Mumbai,1223465
,03-Dec-25,5,,Coffee Island Eros Churchgate - Mumbai,1223465
,03-Dec-25,5,,Coffee Island Eros Churchgate - Mumbai,1223465
,03-Dec-25,5,,Coffee Island Eros Churchgate - Mumbai,1223465
,03-Dec-25,5,,Coffee Island Eros Churchgate - Mumbai,1223465
,03-Dec-25,5,,Coffee Island Eros Churchgate - Mumbai,1223465
,03-Dec-25,3,,Coffee Island Eros Churchgate - Mumbai,1223465
,03-Dec-25,5,,Coffee Island Eros Churchgate - Mumbai,1223465
,03-Dec-25,5,,Coffee Island Eros Churchgate - Mumbai,1223465
,03-Dec-25,4,,Coffee Island Eros Churchgate - Mumbai,1223465
,03-Dec-25,5,,Coffee Island Eros Churchgate - Mumbai,1223465
,03-Dec-25,5,,Coffee Island Eros Churchgate - Mumbai,1223465
,03-Dec-25,4,,Coffee Island Eros Churchgate - Mumbai,1223465
,03-Dec-25,5,,Coffee Island Eros Churchgate - Mumbai,1223465
,03-Dec-25,1,,Coffee Island Eros Churchgate - Mumbai,1223465
,03-Dec-25,5,,Coffee Island Eros Churchgate - Mumbai,1223465
,03-Dec-25,5,,Coffee Island Eros Churchgate - Mumbai,1223465
,03-Dec-25,5,,Coffee Island Eros Churchgate - Mumbai,1223465
,03-Dec-25,5,,Coffee Island Eros Churchgate - Mumbai,1223465
,03-Dec-25,5,,Coffee Island Eros Churchgate - Mumbai,1223465
,03-Dec-25,1,,Coffee Island Eros Churchgate - Mumbai,1223465
,03-Dec-25,5,,Coffee Island Eros Churchgate - Mumbai,1223465
,03-Dec-25,5,,Coffee Island Eros Churchgate - Mumbai,1223465
,03-Dec-25,2,,Coffee Island Eros Churchgate - Mumbai,1223465
,03-Dec-25,1,,Coffee Island Eros Churchgate - Mumbai,1223465
,03-Dec-25,5,,Coffee Island Eros Churchgate - Mumbai,1223465
,03-Dec-25,1,,Coffee Island Eros Churchgate - Mumbai,1223465
,03-Dec-25,5,,Coffee Island Eros Churchgate - Mumbai,1223465
,03-Dec-25,5,,Coffee Island Eros Churchgate - Mumbai,1223465
,03-Dec-25,5,,Coffee Island Eros Churchgate - Mumbai,1223465
,03-Dec-25,5,,Coffee Island Eros Churchgate - Mumbai,1223465
,03-Dec-25,3,,Coffee Island Eros Churchgate - Mumbai,1223465
,03-Dec-25,5,,Coffee Island Eros Churchgate - Mumbai,1223465
,03-Dec-25,5,,Coffee Island Eros Churchgate - Mumbai,1223465
,03-Dec-25,4,,Coffee Island Eros Churchgate - Mumbai,1223465
,03-Dec-25,5,,Coffee Island Eros Churchgate - Mumbai,1223465
,03-Dec-25,5,,Coffee Island Eros Churchgate - Mumbai,1223465
,03-Dec-25,5,,Coffee Island Eros Churchgate - Mumbai,1223465
,03-Dec-25,5,,Coffee Island Eros Churchgate - Mumbai,1223465
,03-Dec-25,5,,Coffee Island Eros Churchgate - Mumbai,1223465
,03-Dec-25,5,,Coffee Island Eros Churchgate - Mumbai,1223465
,03-Dec-25,5,,Coffee Island Eros Churchgate - Mumbai,1223465
,03-Dec-25,1,,Coffee Island Eros Churchgate - Mumbai,1223465
,03-Dec-25,1,,Coffee Island Eros Churchgate - Mumbai,1223465
,03-Dec-25,5,,Coffee Island Eros Churchgate - Mumbai,1223465
,03-Dec-25,5,,Coffee Island Eros Churchgate - Mumbai,1223465
,03-Dec-25,5,,Coffee Island Eros Churchgate - Mumbai,1223465
,03-Dec-25,5,,Coffee Island Eros Churchgate - Mumbai,1223465
,03-Dec-25,5,,Coffee Island Eros Churchgate - Mumbai,1223465
,03-Dec-25,5,,Coffee Island Eros Churchgate - Mumbai,1223465
,03-Dec-25,5,,Coffee Island Eros Churchgate - Mumbai,1223465
,03-Dec-25,5,,Coffee Island Eros Churchgate - Mumbai,1223465
,03-Dec-25,5,,Coffee Island Eros Churchgate - Mumbai,1223465
,03-Dec-25,5,,Coffee Island Eros Churchgate - Mumbai,1223465
,03-Dec-25,3,,Coffee Island Eros Churchgate - Mumbai,1223465
,03-Dec-25,4,,Coffee Island Eros Churchgate - Mumbai,1223465
,03-Dec-25,5,,Coffee Island Eros Churchgate - Mumbai,1223465
,03-Dec-25,5,,Coffee Island Eros Churchgate - Mumbai,1223465
,03-Dec-25,5,,Coffee Island Eros Churchgate - Mumbai,1223465
,03-Dec-25,5,,Coffee Island Eros Churchgate - Mumbai,1223465
,03-Dec-25,5,,Coffee Island Eros Churchgate - Mumbai,1223465
,03-Dec-25,5,,Coffee Island Eros Churchgate - Mumbai,1223465
,03-Dec-25,5,,Coffee Island Eros Churchgate - Mumbai,1223465
,03-Dec-25,5,,Coffee Island Eros Churchgate - Mumbai,1223465
,03-Dec-25,5,,Coffee Island Eros Churchgate - Mumbai,1223465
,03-Dec-25,5,,Coffee Island Eros Churchgate - Mumbai,1223465
,03-Dec-25,5,,Coffee Island HQ-27,1088398
,03-Dec-25,5,,Coffee Island HQ-27,1088398
,03-Dec-25,5,,Coffee Island HQ-27,1088398
,03-Dec-25,5,,Coffee Island HQ-27,1088398
,03-Dec-25,5,,Coffee Island HQ-27,1088398
,03-Dec-25,5,,Coffee Island HQ-27,1088398
,03-Dec-25,5,,Coffee Island HQ-27,1088398
,03-Dec-25,5,,Coffee Island HQ-27,1088398
,03-Dec-25,5,,Coffee Island HQ-27,1088398
,03-Dec-25,5,,Coffee Island HQ-27,1088398
,03-Dec-25,5,,Coffee Island HQ-27,1088398
,03-Dec-25,5,,Coffee Island HQ-27,1088398
,03-Dec-25,5,,Coffee Island HQ-27,1088398
,03-Dec-25,5,,Coffee Island HQ-27,1088398
,03-Dec-25,5,,Coffee Island HQ-27,1088398
,03-Dec-25,5,,Coffee Island HQ-27,1088398
,03-Dec-25,5,,Coffee Island HQ-27,1088398
,03-Dec-25,5,,Coffee Island HQ-27,1088398
,03-Dec-25,5,,Coffee Island HQ-27,1088398
,03-Dec-25,5,,Coffee Island HQ-27,1088398
,03-Dec-25,5,,Coffee Island HQ-27,1088398
,03-Dec-25,5,,Coffee Island HQ-27,1088398
,03-Dec-25,5,,Coffee Island HQ-27,1088398
,03-Dec-25,5,,Coffee Island HQ-27,1088398
,03-Dec-25,5,,Coffee Island HQ-27,1088398
,03-Dec-25,5,,Coffee Island HQ-27,1088398
,03-Dec-25,5,,Coffee Island HQ-27,1088398
,03-Dec-25,5,,Coffee Island HQ-27,1088398
,03-Dec-25,5,,Coffee Island HQ-27,1088398
,03-Dec-25,5,,Coffee Island HQ-27,1088398
,03-Dec-25,5,,Coffee Island HQ-27,1088398
,03-Dec-25,5,,Coffee Island HQ-27,1088398
,03-Dec-25,5,,Coffee Island HQ-27,1088398
,03-Dec-25,5,,Coffee Island HQ-27,1088398
,03-Dec-25,5,,Coffee Island HQ-27,1088398
,03-Dec-25,5,,Coffee Island HQ-27,1088398
,03-Dec-25,5,,Coffee Island HQ-27,1088398
,03-Dec-25,3,,Coffee Island HQ-27,1088398
,03-Dec-25,5,,Coffee Island HQ-27,1088398
,03-Dec-25,5,,Coffee Island HQ-27,1088398
,03-Dec-25,5,,Coffee Island HQ-27,1088398
,03-Dec-25,5,,Coffee Island HQ-27,1088398
,03-Dec-25,5,,Coffee Island HQ-27,1088398
,03-Dec-25,5,,Coffee Island HQ-27,1088398
,03-Dec-25,5,,Coffee Island HQ-27,1088398
,03-Dec-25,5,,Coffee Island HQ-27,1088398
,03-Dec-25,5,,Coffee Island HQ-27,1088398
,03-Dec-25,5,,Coffee Island HQ-27,1088398
,03-Dec-25,5,,Coffee Island HQ-27,1088398
,03-Dec-25,5,,Coffee Island HQ-27,1088398
,03-Dec-25,5,,Coffee Island HQ-27,1088398
,03-Dec-25,5,,Coffee Island HQ-27,1088398
,03-Dec-25,5,,Coffee Island HQ-27,1088398
,03-Dec-25,5,,Coffee Island HQ-27,1088398
,03-Dec-25,5,,Coffee Island HQ-27,1088398
,03-Dec-25,5,,Coffee Island HQ-27,1088398
,03-Dec-25,5,,Coffee Island HQ-27,1088398
,03-Dec-25,5,,Coffee Island HQ-27,1088398
,03-Dec-25,5,,Coffee Island HQ-27,1088398
,03-Dec-25,5,,Coffee Island HQ-27,1088398
,03-Dec-25,5,,Coffee Island HQ-27,1088398
,03-Dec-25,2,,Coffee Island HQ-27,1088398
,03-Dec-25,5,,Coffee Island HQ-27,1088398
,03-Dec-25,5,,Coffee Island HQ-27,1088398
,03-Dec-25,5,,Coffee Island HQ-27,1088398
,03-Dec-25,5,,Coffee Island HQ-27,1088398
,03-Dec-25,5,,Coffee Island HQ-27,1088398
,03-Dec-25,5,,Coffee Island HQ-27,1088398
,03-Dec-25,5,,Coffee Island HQ-27,1088398
,03-Dec-25,5,,Coffee Island HQ-27,1088398
,03-Dec-25,5,,Coffee Island HQ-27,1088398
,03-Dec-25,5,,Coffee Island HQ-27,1088398
,03-Dec-25,5,,Coffee Island HQ-27,1088398
,03-Dec-25,5,,Coffee Island HQ-27,1088398
,03-Dec-25,5,,Coffee Island HQ-27,1088398
,03-Dec-25,5,,Coffee Island HQ-27,1088398
,03-Dec-25,5,,Coffee Island HQ-27,1088398
,03-Dec-25,5,,Coffee Island HQ-27,1088398
,03-Dec-25,5,,Coffee Island HQ-27,1088398
,03-Dec-25,5,,Coffee Island HQ-27,1088398
,03-Dec-25,5,,Coffee Island HQ-27,1088398
,03-Dec-25,2,,Coffee Island HQ-27,1088398
,03-Dec-25,5,,Coffee Island HQ-27,1088398
,03-Dec-25,5,,Coffee Island HQ-27,1088398
,03-Dec-25,3,,Coffee Island HQ-27,1088398
,03-Dec-25,5,,Coffee Island HQ-27,1088398
,03-Dec-25,5,,Coffee Island HQ-27,1088398
,03-Dec-25,5,,Coffee Island HQ-27,1088398
,03-Dec-25,5,,Coffee Island HQ-27,1088398
,03-Dec-25,5,,Coffee Island HQ-27,1088398
,03-Dec-25,5,,Coffee Island HQ-27,1088398
,03-Dec-25,5,,Coffee Island HQ-27,1088398
,03-Dec-25,5,,Coffee Island HQ-27,1088398
,03-Dec-25,5,,Coffee Island HQ-27,1088398
,03-Dec-25,5,,Coffee Island HQ-27,1088398
,03-Dec-25,5,,Coffee Island HQ-27,1088398
,03-Dec-25,5,,Coffee Island HQ-27,1088398
,03-Dec-25,5,,Coffee Island HQ-27,1088398
,03-Dec-25,5,,Coffee Island HQ-27,1088398
,03-Dec-25,5,,Coffee Island HQ-27,1088398
,03-Dec-25,5,,Coffee Island HQ-27,1088398
,03-Dec-25,5,,Coffee Island HQ-27,1088398
,03-Dec-25,5,,Coffee Island HQ-27,1088398
,03-Dec-25,5,,Coffee Island HQ-27,1088398
,03-Dec-25,5,,Coffee Island HQ-27,1088398
,03-Dec-25,5,,Coffee Island HQ-27,1088398
,03-Dec-25,5,,Coffee Island HQ-27,1088398
,03-Dec-25,5,,Coffee Island HQ-27,1088398
,03-Dec-25,5,,Coffee Island HQ-27,1088398
,03-Dec-25,5,,Coffee Island HQ-27,1088398
,03-Dec-25,5,,Coffee Island HQ-27,1088398
,03-Dec-25,5,,Coffee Island HQ-27,1088398
,03-Dec-25,5,,Coffee Island HQ-27,1088398
,03-Dec-25,5,,Coffee Island HQ-27,1088398
,03-Dec-25,5,,Coffee Island HQ-27,1088398
,03-Dec-25,5,,Coffee Island HQ-27,1088398
,03-Dec-25,5,,Coffee Island HQ-27,1088398
,03-Dec-25,5,,Coffee Island HQ-27,1088398
,03-Dec-25,5,,Coffee Island HQ-27,1088398
,03-Dec-25,5,,Coffee Island HQ-27,1088398
,03-Dec-25,5,,Coffee Island HQ-27,1088398
,03-Dec-25,2,,Coffee Island HQ-27,1088398
,03-Dec-25,5,,Coffee Island HQ-27,1088398
,03-Dec-25,5,,Coffee Island HQ-27,1088398
,03-Dec-25,5,,Coffee Island HQ-27,1088398
,03-Dec-25,5,,Coffee Island HQ-27,1088398
,03-Dec-25,5,,Coffee Island HQ-27,1088398
,03-Dec-25,5,,Coffee Island HQ-27,1088398
,03-Dec-25,5,,Coffee Island HQ-27,1088398
,03-Dec-25,5,,Coffee Island HQ-27,1088398
,03-Dec-25,5,,Coffee Island HQ-27,1088398
,03-Dec-25,5,,Coffee Island HQ-27,1088398
,03-Dec-25,5,,Coffee Island HQ-27,1088398
,03-Dec-25,5,,Coffee Island HQ-27,1088398
,03-Dec-25,5,,Coffee Island HQ-27,1088398
,03-Dec-25,5,,Coffee Island HQ-27,1088398
,03-Dec-25,5,,Coffee Island HQ-27,1088398
,03-Dec-25,5,,Coffee Island HQ-27,1088398
,03-Dec-25,3,,Coffee Island HQ-27,1088398
,03-Dec-25,5,,Coffee Island HQ-27,1088398
,03-Dec-25,5,,Coffee Island HQ-27,1088398
,03-Dec-25,5,,Coffee Island HQ-27,1088398
,03-Dec-25,5,,Coffee Island HQ-27,1088398
,03-Dec-25,5,,Coffee Island HQ-27,1088398
,03-Dec-25,5,,Coffee Island HQ-27,1088398
,03-Dec-25,5,,Coffee Island HQ-27,1088398
,03-Dec-25,2,,Coffee Island HQ-27,1088398
,03-Dec-25,5,,Coffee Island HQ-27,1088398
,03-Dec-25,5,,Coffee Island HQ-27,1088398
,03-Dec-25,5,,Coffee Island HQ-27,1088398
,03-Dec-25,5,,Coffee Island HQ-27,1088398
,03-Dec-25,5,,Coffee Island HQ-27,1088398
,03-Dec-25,5,,Coffee Island HQ-27,1088398
,03-Dec-25,5,,Coffee Island HQ-27,1088398
,03-Dec-25,5,,Coffee Island HQ-27,1088398
,03-Dec-25,5,,Coffee Island HQ-27,1088398
,03-Dec-25,5,,Coffee Island HQ-27,1088398
,03-Dec-25,5,,Coffee Island HQ-27,1088398
,03-Dec-25,5,,Coffee Island HQ-27,1088398
,03-Dec-25,5,,Coffee Island HQ-27,1088398
,03-Dec-25,5,,Coffee Island HQ-27,1088398
,03-Dec-25,5,,Coffee Island HQ-27,1088398
,03-Dec-25,5,,Coffee Island HQ-27,1088398
,03-Dec-25,5,,Coffee Island HQ-27,1088398
,03-Dec-25,5,,Coffee Island HQ-27,1088398
,03-Dec-25,5,,Coffee Island HQ-27,1088398
,03-Dec-25,5,,Coffee Island HQ-27,1088398
,03-Dec-25,5,,Coffee Island HQ-27,1088398
,03-Dec-25,5,,Coffee Island HQ-27,1088398
,03-Dec-25,5,,Coffee Island HQ-27,1088398
,03-Dec-25,5,,Coffee Island HQ-27,1088398
,03-Dec-25,5,,Coffee Island HQ-27,1088398
,03-Dec-25,5,,Coffee Island HQ-27,1088398
,03-Dec-25,5,,Coffee Island HQ-27,1088398
,03-Dec-25,5,,Coffee Island HQ-27,1088398
,03-Dec-25,5,,Coffee Island HQ-27,1088398
,03-Dec-25,5,,Coffee Island HQ-27,1088398
,03-Dec-25,5,,Coffee Island HQ-27,1088398
,03-Dec-25,2,,Coffee Island HQ-27,1088398
,03-Dec-25,5,,Coffee Island HQ-27,1088398
,03-Dec-25,5,,Coffee Island HQ-27,1088398
,03-Dec-25,5,,Coffee Island HQ-27,1088398
,03-Dec-25,5,,Coffee Island HQ-27,1088398
,03-Dec-25,5,,Coffee Island HQ-27,1088398
,03-Dec-25,5,,Coffee Island HQ-27,1088398
,03-Dec-25,5,,Coffee Island HQ-27,1088398
,03-Dec-25,5,,Coffee Island HQ-27,1088398
,03-Dec-25,5,,Coffee Island HQ-27,1088398
,03-Dec-25,5,,Coffee Island HQ-27,1088398
,03-Dec-25,5,,Coffee Island HQ-27,1088398
,03-Dec-25,5,,Coffee Island HQ-27,1088398
,03-Dec-25,5,,Coffee Island HQ-27,1088398
,03-Dec-25,5,,Coffee Island HQ-27,1088398
,03-Dec-25,5,,Coffee Island HQ-27,1088398
,03-Dec-25,5,,Coffee Island HQ-27,1088398
,03-Dec-25,5,,Coffee Island HQ-27,1088398
,03-Dec-25,5,,Coffee Island HQ-27,1088398
,03-Dec-25,5,,Coffee Island HQ-27,1088398
,03-Dec-25,5,,Coffee Island HQ-27,1088398
,03-Dec-25,5,,Coffee Island HQ-27,1088398
,03-Dec-25,5,,Coffee Island HQ-27,1088398
,03-Dec-25,5,,Coffee Island HQ-27,1088398
,03-Dec-25,5,,Coffee Island HQ-27,1088398
,03-Dec-25,5,,Coffee Island HQ-27,1088398
,03-Dec-25,5,,Coffee Island HQ-27,1088398
,03-Dec-25,5,,Coffee Island HQ-27,1088398
,03-Dec-25,5,,Coffee Island HQ-27,1088398
,03-Dec-25,5,,Coffee Island HQ-27,1088398
,03-Dec-25,3,,Coffee Island HQ-27,1088398
,03-Dec-25,5,,Coffee Island HQ-27,1088398
,03-Dec-25,5,,Coffee Island HQ-27,1088398
,03-Dec-25,5,,Coffee Island HQ-27,1088398
,03-Dec-25,5,,Coffee Island HQ-27,1088398
,03-Dec-25,5,,Coffee Island HQ-27,1088398
,03-Dec-25,5,,Coffee Island HQ-27,1088398
,03-Dec-25,5,,Coffee Island HQ-27,1088398
,03-Dec-25,5,,Coffee Island HQ-27,1088398
,03-Dec-25,5,,Coffee Island HQ-27,1088398
,03-Dec-25,5,,Coffee Island HQ-27,1088398
,03-Dec-25,5,,Coffee Island HQ-27,1088398
,03-Dec-25,5,,Coffee Island HQ-27,1088398
,03-Dec-25,5,,Coffee Island HQ-27,1088398
,03-Dec-25,5,,Coffee Island HQ-27,1088398
,03-Dec-25,3,,Coffee Island HQ-27,1088398
,03-Dec-25,5,,Coffee Island HQ-27,1088398
,03-Dec-25,5,,Coffee Island HQ-27,1088398
,03-Dec-25,5,,Coffee Island HQ-27,1088398
,03-Dec-25,5,,Coffee Island HQ-27,1088398
,03-Dec-25,5,,Coffee Island HQ-27,1088398
,03-Dec-25,4,,Coffee Island HQ-27,1088398
,03-Dec-25,5,,Coffee Island HQ-27,1088398
,03-Dec-25,5,,Coffee Island HQ-27,1088398
,03-Dec-25,5,,Coffee Island HQ-27,1088398
,03-Dec-25,5,,Coffee Island HQ-27,1088398
,03-Dec-25,5,,Coffee Island HQ-27,1088398
,03-Dec-25,5,,Coffee Island HQ-27,1088398
,03-Dec-25,5,,Coffee Island HQ-27,1088398
,03-Dec-25,5,,Coffee Island HQ-27,1088398
,03-Dec-25,5,,Coffee Island HQ-27,1088398
,03-Dec-25,5,,Coffee Island HQ-27,1088398
,03-Dec-25,5,,Coffee Island HQ-27,1088398
,03-Dec-25,5,,Coffee Island HQ-27,1088398
,03-Dec-25,5,,Coffee Island HQ-27,1088398
,03-Dec-25,5,,Coffee Island HQ-27,1088398
,03-Dec-25,5,,Coffee Island HQ-27,1088398
,03-Dec-25,5,,Coffee Island HQ-27,1088398
,03-Dec-25,5,,Coffee Island HQ-27,1088398
,03-Dec-25,5,,Coffee Island HQ-27,1088398
,03-Dec-25,5,,Coffee Island HQ-27,1088398
,03-Dec-25,5,,Coffee Island HQ-27,1088398
,03-Dec-25,5,,Coffee Island HQ-27,1088398
,03-Dec-25,5,,Coffee Island HQ-27,1088398
,03-Dec-25,3,,Coffee Island HQ-27,1088398
,03-Dec-25,2,,Coffee Island HQ-27,1088398
,03-Dec-25,5,,Coffee Island HQ-27,1088398
,03-Dec-25,5,,Coffee Island HQ-27,1088398
,03-Dec-25,5,,Coffee Island HQ-27,1088398
,03-Dec-25,5,,Coffee Island HQ-27,1088398
,03-Dec-25,5,,Coffee Island HQ-27,1088398
,03-Dec-25,5,,Coffee Island HQ-27,1088398
,03-Dec-25,5,,Coffee Island HQ-27,1088398
,03-Dec-25,5,,Coffee Island HQ-27,1088398
,03-Dec-25,5,,Coffee Island HQ-27,1088398
,03-Dec-25,5,,Coffee Island HQ-27,1088398
,03-Dec-25,5,,Coffee Island HQ-27,1088398
,03-Dec-25,5,,Coffee Island HQ-27,1088398
,03-Dec-25,5,,Coffee Island HQ-27,1088398
,03-Dec-25,5,,Coffee Island HQ-27,1088398
,03-Dec-25,5,,Coffee Island HQ-27,1088398
,03-Dec-25,5,,Coffee Island HQ-27,1088398
,03-Dec-25,5,,Coffee Island HQ-27,1088398
,03-Dec-25,5,,Coffee Island HQ-27,1088398
,03-Dec-25,5,,Coffee Island HQ-27,1088398
,03-Dec-25,5,,Coffee Island HQ-27,1088398
,03-Dec-25,5,,Coffee Island HQ-27,1088398
,03-Dec-25,5,,Coffee Island HQ-27,1088398
,03-Dec-25,5,,Coffee Island HQ-27,1088398
,03-Dec-25,5,,Coffee Island HQ-27,1088398
,03-Dec-25,5,,Coffee Island HQ-27,1088398
,03-Dec-25,5,,Coffee Island HQ-27,1088398
,03-Dec-25,5,,Coffee Island HQ-27,1088398
,03-Dec-25,5,,Coffee Island HQ-27,1088398
,03-Dec-25,5,,Coffee Island HQ-27,1088398
,03-Dec-25,5,,Coffee Island HQ-27,1088398
,03-Dec-25,5,,Coffee Island HQ-27,1088398
,03-Dec-25,5,,Coffee Island HQ-27,1088398
,03-Dec-25,5,,Coffee Island HQ-27,1088398
,03-Dec-25,5,,Coffee Island HQ-27,1088398
,03-Dec-25,5,,Coffee Island HQ-27,1088398
,03-Dec-25,5,,Coffee Island HQ-27,1088398
,03-Dec-25,5,,Coffee Island HQ-27,1088398
,03-Dec-25,5,,Coffee Island HQ-27,1088398
,03-Dec-25,5,,Coffee Island HQ-27,1088398
,03-Dec-25,5,,Coffee Island HQ-27,1088398
,03-Dec-25,5,,Coffee Island HQ-27,1088398
,03-Dec-25,5,,Coffee Island HQ-27,1088398
,03-Dec-25,5,,Coffee Island HQ-27,1088398
,03-Dec-25,5,,Coffee Island HQ-27,1088398
,03-Dec-25,5,,Coffee Island HQ-27,1088398
,03-Dec-25,5,,Coffee Island HQ-27,1088398
,03-Dec-25,5,,Coffee Island HQ-27,1088398
,03-Dec-25,5,,Coffee Island HQ-27,1088398
,03-Dec-25,5,,Coffee Island HQ-27,1088398
,03-Dec-25,5,,Coffee Island HQ-27,1088398
,03-Dec-25,5,,Coffee Island HQ-27,1088398
,03-Dec-25,5,,Coffee Island HQ-27,1088398
,03-Dec-25,5,,Coffee Island NSP - New Delhi,1248986
,03-Dec-25,5,,Coffee Island NSP - New Delhi,1248986
,03-Dec-25,5,,Coffee Island NSP - New Delhi,1248986
,03-Dec-25,5,,Coffee Island NSP - New Delhi,1248986
,03-Dec-25,5,,Coffee Island NSP - New Delhi,1248986
,03-Dec-25,5,,Coffee Island NSP - New Delhi,1248986
,03-Dec-25,2,,Coffee Island NSP - New Delhi,1248986
,03-Dec-25,5,,Coffee Island NSP - New Delhi,1248986
,03-Dec-25,5,,Coffee Island NSP - New Delhi,1248986
,03-Dec-25,5,,Coffee Island NSP - New Delhi,1248986
,03-Dec-25,5,,Coffee Island NSP - New Delhi,1248986
,03-Dec-25,3,,Coffee Island NSP - New Delhi,1248986
,03-Dec-25,5,,Coffee Island NSP - New Delhi,1248986
,03-Dec-25,5,,Coffee Island NSP - New Delhi,1248986
,03-Dec-25,5,,Coffee Island NSP - New Delhi,1248986
,03-Dec-25,5,,Coffee Island NSP - New Delhi,1248986
,03-Dec-25,5,,Coffee Island NSP - New Delhi,1248986
,03-Dec-25,5,,Coffee Island NSP - New Delhi,1248986
,03-Dec-25,5,,Coffee Island NSP - New Delhi,1248986
,03-Dec-25,5,,Coffee Island NSP - New Delhi,1248986
,03-Dec-25,5,,Coffee Island NSP - New Delhi,1248986
,03-Dec-25,5,,Coffee Island NSP - New Delhi,1248986
,03-Dec-25,5,,Coffee Island NSP - New Delhi,1248986
,03-Dec-25,5,,Coffee Island NSP - New Delhi,1248986
,03-Dec-25,5,,Coffee Island NSP - New Delhi,1248986
,03-Dec-25,5,,Coffee Island NSP - New Delhi,1248986
,03-Dec-25,5,,Coffee Island NSP - New Delhi,1248986
,03-Dec-25,5,,Coffee Island NSP - New Delhi,1248986
,03-Dec-25,5,,Coffee Island NSP - New Delhi,1248986
,03-Dec-25,5,,Coffee Island NSP - New Delhi,1248986
,03-Dec-25,5,,Coffee Island NSP - New Delhi,1248986
,03-Dec-25,5,,Coffee Island NSP - New Delhi,1248986
,03-Dec-25,5,,Coffee Island NSP - New Delhi,1248986
,03-Dec-25,5,,Coffee Island NSP - New Delhi,1248986
,03-Dec-25,5,,Coffee Island NSP - New Delhi,1248986
,03-Dec-25,5,,Coffee Island NSP - New Delhi,1248986
,03-Dec-25,5,,Coffee Island NSP - New Delhi,1248986
,03-Dec-25,5,,Coffee Island NSP - New Delhi,1248986
,03-Dec-25,5,,Coffee Island NSP - New Delhi,1248986
,03-Dec-25,5,,Coffee Island NSP - New Delhi,1248986
,03-Dec-25,5,,Coffee Island NSP - New Delhi,1248986
,03-Dec-25,5,,Coffee Island NSP - New Delhi,1248986
,03-Dec-25,5,,Coffee Island NSP - New Delhi,1248986
,03-Dec-25,5,,Coffee Island NSP - New Delhi,1248986
,03-Dec-25,5,,Coffee Island NSP - New Delhi,1248986
,03-Dec-25,5,,Coffee Island NSP - New Delhi,1248986
,03-Dec-25,5,,Coffee Island NSP - New Delhi,1248986
,03-Dec-25,5,,Coffee Island NSP - New Delhi,1248986
,03-Dec-25,5,,Coffee Island Phoenix Market City - Mumbai,1248976
,03-Dec-25,5,,Coffee Island Phoenix Market City - Mumbai,1248976
,03-Dec-25,5,,Coffee Island Phoenix Market City - Mumbai,1248976
,03-Dec-25,5,,Coffee Island Phoenix Market City - Mumbai,1248976
,03-Dec-25,5,,Coffee Island Phoenix Market City - Mumbai,1248976
,03-Dec-25,5,,Coffee Island Phoenix Market City - Mumbai,1248976
,03-Dec-25,5,,Coffee Island Phoenix Market City - Mumbai,1248976
,03-Dec-25,5,,Coffee Island Phoenix Market City - Mumbai,1248976
,03-Dec-25,5,,Coffee Island Phoenix Market City - Mumbai,1248976
,03-Dec-25,5,,Coffee Island Phoenix Market City - Mumbai,1248976
,03-Dec-25,1,,Coffee Island Phoenix Market City - Mumbai,1248976
,03-Dec-25,5,,Coffee Island Phoenix Market City - Mumbai,1248976
,03-Dec-25,5,,Coffee Island Phoenix Market City - Mumbai,1248976
,03-Dec-25,3,,Coffee Island Phoenix Market City - Mumbai,1248976
,03-Dec-25,5,,Coffee Island Phoenix Market City - Mumbai,1248976
,03-Dec-25,5,,Coffee Island Phoenix Market City - Mumbai,1248976
,03-Dec-25,5,,Coffee Island Phoenix Market City - Mumbai,1248976
,03-Dec-25,5,,Coffee Island Phoenix Market City - Mumbai,1248976
,03-Dec-25,5,,Coffee Island Phoenix Market City - Mumbai,1248976
,03-Dec-25,2,,Coffee Island Phoenix Market City - Mumbai,1248976
,03-Dec-25,5,,Coffee Island Phoenix Market City - Mumbai,1248976
,03-Dec-25,5,,Coffee Island Phoenix Market City - Mumbai,1248976
,03-Dec-25,5,,Coffee Island Phoenix Market City - Mumbai,1248976
,03-Dec-25,5,,Coffee Island Phoenix Market City - Mumbai,1248976
,03-Dec-25,5,,Coffee Island Phoenix Market City - Mumbai,1248976
,03-Dec-25,5,,Coffee Island Phoenix Market City - Mumbai,1248976
,03-Dec-25,5,,Coffee Island Phoenix Market City - Mumbai,1248976
,03-Dec-25,5,,Coffee Island Phoenix Market City - Mumbai,1248976
,03-Dec-25,5,,Coffee Island Phoenix Market City - Mumbai,1248976
,03-Dec-25,5,,Coffee Island Phoenix Market City - Mumbai,1248976
,03-Dec-25,5,,Coffee Island Phoenix Market City - Mumbai,1248976
,03-Dec-25,5,,Coffee Island Phoenix Market City - Mumbai,1248976
,03-Dec-25,5,,Coffee Island Phoenix Market City - Mumbai,1248976
,03-Dec-25,5,,Coffee Island Phoenix Market City - Mumbai,1248976
,03-Dec-25,5,,Coffee Island Phoenix Market City - Mumbai,1248976
,03-Dec-25,5,,Coffee Island Phoenix Market City - Mumbai,1248976
,03-Dec-25,5,,Coffee Island Phoenix Market City - Mumbai,1248976
,03-Dec-25,5,,Coffee Island Phoenix Market City - Mumbai,1248976
,03-Dec-25,5,,Coffee Island Phoenix Market City - Mumbai,1248976
,03-Dec-25,5,,Coffee Island Phoenix Market City - Mumbai,1248976
,03-Dec-25,5,,Coffee Island Phoenix Market City - Mumbai,1248976
,03-Dec-25,5,,Coffee Island Phoenix Market City - Mumbai,1248976
,03-Dec-25,5,,Coffee Island Phoenix Market City - Mumbai,1248976
,03-Dec-25,5,,Coffee Island Phoenix Market City - Mumbai,1248976
,03-Dec-25,5,,Coffee Island Phoenix Market City - Mumbai,1248976
,03-Dec-25,5,,Coffee Island Phoenix Market City - Mumbai,1248976
,03-Dec-25,3,,Coffee Island Phoenix Market City - Mumbai,1248976
,03-Dec-25,5,,Coffee Island Phoenix Market City - Mumbai,1248976
,03-Dec-25,5,,Coffee Island Phoenix Market City - Mumbai,1248976
,03-Dec-25,5,,Coffee Island Phoenix Market City - Mumbai,1248976
,03-Dec-25,5,,Coffee Island Phoenix Market City - Mumbai,1248976
,03-Dec-25,5,,Coffee Island Phoenix Market City - Mumbai,1248976
,03-Dec-25,5,,Coffee Island Phoenix Market City - Mumbai,1248976
,03-Dec-25,5,,Coffee Island Phoenix Market City - Mumbai,1248976
,03-Dec-25,5,,Coffee Island Phoenix Market City - Mumbai,1248976
,03-Dec-25,5,,Coffee Island Phoenix Market City - Mumbai,1248976
,03-Dec-25,5,,Coffee Island Phoenix Market City - Mumbai,1248976
,03-Dec-25,3,,Coffee Island Phoenix Market City - Mumbai,1248976
,03-Dec-25,5,,Coffee Island Phoenix Market City - Mumbai,1248976
,03-Dec-25,5,,Coffee Island Phoenix Market City - Mumbai,1248976
,03-Dec-25,5,,Coffee Island Phoenix Market City - Mumbai,1248976
,03-Dec-25,5,,Coffee Island Phoenix Market City - Mumbai,1248976
,03-Dec-25,5,,Coffee Island Phoenix Market City - Mumbai,1248976
,03-Dec-25,5,,Coffee Island Phoenix Market City - Mumbai,1248976
,03-Dec-25,5,,Coffee Island Phoenix Market City - Mumbai,1248976
,03-Dec-25,5,,Coffee Island Phoenix Market City - Mumbai,1248976
,03-Dec-25,5,,Coffee Island Phoenix Market City - Mumbai,1248976
,03-Dec-25,5,,Coffee Island Phoenix Market City - Mumbai,1248976
,03-Dec-25,5,,Coffee Island Phoenix Market City - Mumbai,1248976
,03-Dec-25,5,,Coffee Island Phoenix Market City - Mumbai,1248976
,03-Dec-25,5,,Coffee Island Phoenix Market City - Mumbai,1248976
,03-Dec-25,5,,Coffee Island Phoenix Market City - Mumbai,1248976
,03-Dec-25,5,,Coffee Island Phoenix Market City - Mumbai,1248976
,03-Dec-25,5,,Coffee Island Phoenix Market City - Mumbai,1248976
,03-Dec-25,5,,Coffee Island Phoenix Market City - Mumbai,1248976
,03-Dec-25,5,,Coffee Island Phoenix Market City - Mumbai,1248976
,03-Dec-25,5,,Coffee Island Phoenix Market City - Mumbai,1248976
,03-Dec-25,4,,Coffee Island Phoenix Market City - Mumbai,1248976
,03-Dec-25,5,,Coffee Island Phoenix Market City - Mumbai,1248976
,03-Dec-25,2,,Coffee Island Phoenix Market City - Mumbai,1248976
,03-Dec-25,5,,Coffee Island Phoenix Market City - Mumbai,1248976
,03-Dec-25,5,,Coffee Island Phoenix Market City - Mumbai,1248976
,03-Dec-25,5,,Coffee Island Phoenix Market City - Mumbai,1248976
